claim_id,study_id,doi,claim,role,direction,status,note,result_position,source_result_id,article_result_from_phase1,ali_test_name,ali_reported_result,ali_reproduced_result,ali_result_status,in_scope,scope_exclusion_reason,project_verified_result,project_result_status,frequentist_test,p_value,p_operator,p_sidedness,t_value,t_df,f_value,f_df1,f_df2,z_value,chi2_value,chi2_df,r_value,n1,n2,n_total,n_eff,effect_size_type,effect_size_value,estimate,se_estimate,raw_data_file,raw_variable_names,model_formula,contrast_direction,extraction_note,source_file,source_row_id,source_study_id
study_03_claim_01,study_03,10.1037/stl0000432,"No significant differences existed in most student perceptions of instructor and course, but students who viewed the syllabus snapshot saw the instructor as less difficult, also indicating they would be more likely to take the course and recommend it to others.",primary,unclear,pending,"Wave 3 (MANOVA). Verified against Ali's Phase 2: reported key F(3,164)=2.14 matches result_01 exactly. Needs a raw-data Bayesian MANOVA/multivariate model.",key,study_03_result_01,"F(3, 164) = 2.14, p = .10, Wilks’ λ= .96, ηp²= .04.",2 × 2 between-subjects MANOVA,"F(3, 164) = 2.14, p = .10, Wilks’ λ= .96, ηp²= .04.","F (3, 164) = 2.14, p = .10, Wilks’ λ= .96, ηp²= .04.",Fully reproducible,TRUE,,"F(3, 164) = 2.14, p = .10, Wilks' lambda = .96, eta_p2 = .04",recomputed_from_raw_data_type_III_manova,manova,0.09731048243233506,=,omnibus,,,2.1389606390053655,3,164,,,,,,,170,170,eta_p2_from_wilks,0.03765402725852462,0.9623459727414754,,Snapshot_MASTER_noID_cleaned_03.11.24.sav,TBC_COMP; TBC_CARE; percept; snap_syll; snap_inst,"cbind(TBC_COMP, TBC_CARE, percept) ~ snap_syll * snap_inst, Type-III MANOVA with effect-coded factors",Whether the effect of syllabus snapshot presence differs depending on instructor snapshot presence across the three perception outcomes.,"Complete-case N = 170. Cell counts: snap_syll=0, snap_inst=0, n=35; snap_syll=0, snap_inst=1, n=44; snap_syll=1, snap_inst=0, n=46; snap_syll=1, snap_inst=1, n=45. The estimate column stores Wilks' lambda; eta_p2_from_wilks is 1 - Wilks' lambda.",study_03_recomputed.csv,1,study_03
study_03_claim_02,study_03,10.1037/stl0000432,"No significant differences existed in most student perceptions of instructor and course, but students who viewed the syllabus snapshot saw the instructor as less difficult, also indicating they would be more likely to take the course and recommend it to others.",supplementary,unclear,pending,"Verified: reported second F(3,164)=0.78 matches result_02 exactly. Same raw-data model requirement as claim_01.",second,study_03_result_02,"F(3, 164) = 2.14, p = .10, Wilks’ λ= .96, ηp²= .04.",2 × 2 between-subjects MANOVA,"F(3, 164) = 0.78, p = .51, Wilks’ λ = .99, ηp²= .01","F(3, 164) = 0.78, p = .51, Wilks’ λ = .99, ηp²= .01",Fully reproducible,TRUE,,"F(3, 164) = 0.78, p = .51, Wilks' lambda = .99, eta_p2 = .01",recomputed_from_raw_data_type_III_manova,manova,0.5076886452135867,=,omnibus,,,0.7782452647851081,3,164,,,,,,,170,170,eta_p2_from_wilks,0.01403636939215047,0.9859636306078496,,Snapshot_MASTER_noID_cleaned_03.11.24.sav,TBC_COMP; TBC_CARE; percept; snap_syll; snap_inst,"cbind(TBC_COMP, TBC_CARE, percept) ~ snap_syll * snap_inst, Type-III MANOVA with effect-coded factors","Main effect of syllabus snapshot presence across teacher competence, teacher care, and general course/instructor perceptions.","Complete-case N = 170. Cell counts: snap_syll=0, snap_inst=0, n=35; snap_syll=0, snap_inst=1, n=44; snap_syll=1, snap_inst=0, n=46; snap_syll=1, snap_inst=1, n=45. The estimate column stores Wilks' lambda; eta_p2_from_wilks is 1 - Wilks' lambda.",study_03_recomputed.csv,2,study_03
study_05_claim_01,study_05,10.1037/stl0000136,"In a retest of items from their first midterm, students showed high performance (70% correct) compared to previous studies, with psychology students (majors and minors) showing better performance than nonpsychology students (81% vs. 69%), d  .74.",primary,two_sided,ready,"Verified: reported key t=3.26 matches result_01 exactly. Checked Phase 1 hypothesis column: the article's a priori prediction concerns forgetting-over-time (retest vs original), not the psych-vs-nonpsych comparison actually tested here, so no legitimate pre-specified direction applies -- keep two_sided.",key,study_05_result_01,"t(154) = 3.26, p < .001, d = 0.74",Independent samples t-test,"t(154) = 3.26, p < .001, d = 0.74","t(154) = 3.26, p < .001, d = 0.74",Fully reproducible,TRUE,,"t(154) = 3.26, p = .001, d = 0.74",recomputed_from_raw_data,independent_t_test,0.00135718173128889,=,two_sided,3.2631700654818907,154,,,,,,,,23,133,156,19.60897435897436,cohens_d,0.7369062993242013,0.12275253350768234,0.03761757157745769,data/raw/study_05/HardLovettBrady_Data_Shared.csv,Speciality; 16ItemQuizFollowupPerformance,"16ItemQuizFollowupPerformance ~ Speciality; Student independent-samples t-test, equal variances",psychology students minus nonpsychology students; Speciality 1 minus Speciality 0,"Recovered group sizes, t, df, exact p, pooled-SD d, mean difference and SE. Psychology n = 23; nonpsychology n = 133; psychology mean = 0.809783; nonpsychology mean = 0.68703; psychology SD = 0.142868; nonpsychology SD = 0.170209.",study_05_recomputed.csv,3,study_05
study_05_claim_02,study_05,10.1037/stl0000136,"In a retest of items from their first midterm, students showed high performance (70% correct) compared to previous studies, with psychology students (majors and minors) showing better performance than nonpsychology students (81% vs. 69%), d  .74.",supplementary,two_sided,ready,Verified: reported second t=16.06 matches result_02 exactly. Same reasoning as claim_01 -- no applicable pre-specified direction.,second,study_05_result_02,"t(154) = 3.26, p < .001, d = 0.74",Independent samples t-test,"t (154) = 16.06, p <.001, d = 3.63","t(154) = 16.06, p <.001, d = 3.63",Fully reproducible,TRUE,,"t(154) = 16.06, p < .001, d = 3.63",recomputed_from_raw_data,independent_t_test,1.039549491399382e-34,=,two_sided,16.0557429910438,154,,,,,,,,23,133,156,19.60897435897436,cohens_d,3.625792684109871,6.609022556390977,0.4116298174477267,data/raw/study_05/HardLovettBrady_Data_Shared.csv,Speciality; NumPsychClass,"NumPsychClass ~ Speciality; Student independent-samples t-test, equal variances",psychology students minus nonpsychology students; Speciality 1 minus Speciality 0,"Recovered group sizes, t, df, exact p, pooled-SD d, mean difference and SE. Psychology n = 23; nonpsychology n = 133; psychology mean = 8; nonpsychology mean = 1.390977; psychology SD = 2.746899; nonpsychology SD = 1.618242.",study_05_recomputed.csv,4,study_05
study_06_claim_01,study_06,10.1177/14757257241295302,"Sense of belonging was significantly higher in the social annotation condition, particularly for the introductory-level psychology course, and students reported positive perceptions of social annotation.",primary,two_sided,pending,"Wave 2 (factorial ANOVA simple effect). Phase 1 hypothesis explicitly predicts belonging would be 'strengthened' by social annotation -- legitimate pre-specified direction, updated from two_sided to positive. Still needs raw-data model fit (2x2 between-subjects design). [Directionality policy: the published significance test for this result is two-sided, so the Bayes factor is computed two-sided to match. The directional Phase 1 hypothesis is recorded but does not change the sidedness of the comparison; only study_20, whose authors ran a genuinely one-sided test, stays one-sided.]",key,study_06_result_01,"(p < .001, ηp² = .288)",2 × 2 between-subjects ANOVA,"(p < .001, ηp² = .288)","F(1, 40) = 16.194, [p < .001, ηp² = .288]",Fully reproducible,TRUE,,"PSYC 111 simple effect: social annotation > individual annotation; p < .001, eta_p2 = .288",recomputed_from_raw_data_simple_effect,factorial_between_anova,2.471727607865699e-4,=,omnibus,,,16.194490855895964,1,40,,,,,14,12,26,,eta_p2,0.28818645047296176,8.226190476190482,2.044161064744356,data/raw/study_06/Social_Annotation_and_SOB_SOC_Data.sav,BCBSTotalScore; Condition; Course,BCBSTotalScore ~ Condition * Course; simple effect of Condition within Course == 1 using full-model residual MSE,PSYC 111 social annotation minus PSYC 111 individual annotation,"Recovered simple-effect F, df, exact p, eta_p2, cell sizes, mean difference and SE. Course value for PSYC 111 = 1; individual value = 1; social value = 2; individual n = 14; social n = 12; individual mean = 33.857143; social mean = 42.083333; residual MSE = 27.000149; residual df = 40.",study_06_recomputed.csv,5,study_06
study_10_claim_01,study_10,10.1037/stl0000338,"Importantly, however, comparing measures collected before and during the pandemic, we found no significant differences in reports of self-esteem, self-efficacy, optimism, and life satisfaction, and even a significant pandemic-related improvement in somatic symptoms of psychological distress and social dysfunction.",primary,unclear,pending,"Wave 2 (factorial ANOVA, 2 df numerator). Needs raw-data model fit.",key,study_10_result_01,"F(2, 1,043) = 103.50, p < .001",2 x 3 between-subjects factorial ANOVA,"F(2, 1,043) = 103.50, p < .001","F (2, 1,043) = 103.50, p < .001",Fully reproducible,TRUE,,"GHQ-c social dysfunction: main effect of semester, F(2, 1043) = 103.50, p < .001",recomputed_from_raw_data,factorial_between_anova,9.929653960744506e-42,=,omnibus,,,103.49934031616624,2,1043,,,,,,,1049,,eta_p2_from_F,0.16559911929476498,,,data/raw/study_10/master.anonymizedOSF.csv,GHQc.total; replicate; university,"GHQc.total ~ replicate * factor(university), after filtering university codes 1 and 3",omnibus main effect of replicate/semester on GHQ-c social dysfunction,"Recovered Table 2 main effect of data collection semester for GHQ-c. Filtered N = 1049. This corrects the earlier script, which targeted the wrong ANOVA row.",study_10_recomputed.csv,6,study_10
study_10_claim_02,study_10,10.1037/stl0000338,"Importantly, however, comparing measures collected before and during the pandemic, we found no significant differences in reports of self-esteem, self-efficacy, optimism, and life satisfaction, and even a significant pandemic-related improvement in somatic symptoms of psychological distress and social dysfunction.",supplementary,unclear,pending,"Wave 2 (factorial ANOVA, 2 df numerator). Needs raw-data model fit.",second,study_10_result_02,"F(2, 1,043) = 103.50, p < .001",2 x 3 between-subjects factorial ANOVA,"F(2, 1,043)= 25.51, p < .001","F(2, 1,043)= 25.51, p < .001",Fully reproducible,TRUE,,"GHQ-b anxiety/insomnia: main effect of semester, F(2, 1043) = 25.51, p < .001",recomputed_from_raw_data,factorial_between_anova,1.532958092634304e-11,=,omnibus,,,25.50532099652211,2,1043,,,,,,,1049,,eta_p2_from_F,0.04662718993310172,,,data/raw/study_10/master.anonymizedOSF.csv,QHQb.total [raw-file spelling]; replicate; university,"QHQb.total ~ replicate * factor(university), after filtering university codes 1 and 3",omnibus main effect of replicate/semester on GHQ-b anxiety/insomnia,Recovered Table 2 main effect of data collection semester for GHQ-b. The public CSV uses the column name QHQb.total although the article labels the subscale GHQ-b. Filtered N = 1049.,study_10_recomputed.csv,7,study_10
study_13_claim_01,study_13,10.1177/00986283221142016,"The bias education intervention increased objective and subjective knowledge of bias and multicultural competence, awareness of one's own bias, and behavioral intentions to reduce bias.",primary,two_sided,pending,"Phase 1 hypothesis explicitly predicts the intervention 'would increase' knowledge/awareness/intentions -- legitimate pre-specified direction, updated from two_sided to positive. Still Wave 2: Welch (heteroscedastic) independent t-test, needs a raw-data heteroscedastic Bayesian model, not meta.ttestBF()'s equal-variance JZS model. [Directionality policy: the published significance test for this result is two-sided, so the Bayes factor is computed two-sided to match. The directional Phase 1 hypothesis is recorded but does not change the sidedness of the comparison; only study_20, whose authors ran a genuinely one-sided test, stays one-sided.]",key,study_13_result_01,"tₛₐₜ(455.40) = 14.45, p < .0005, d = 1.35",Welch’s independent-samples t-test,"tₛₐₜ(455.40) = 14.45, p < .0005, d = 1.35","tₛₐₜ (455.40) = 14.45, p < .0005, d = 1.35",Fully reproducible,TRUE,,"t_sat(455.40) = 14.45, p < .0005, d = 1.35",recomputed_from_raw_data,welch_independent_t_test,3.2360126016710324e-39,=,two_sided,14.447693281497337,455.39777283104985,,,,,,,,195,303,498,118.644578313253,cohens_d_article_t_df_transform,1.3540448748312182,1.7861216890919862,0.12362677240521232,data/raw/study_13/DATA_Cleaned_and_coded_for_condition.sav,condition; subj_total,subj_total ~ condition; Welch independent-samples t-test,education intervention minus control; condition 1 minus condition 0,"Recovered Welch t, Satterthwaite df, group sizes, exact p, mean difference and Welch SE. effect_size_value stores 2*t/sqrt(df), matching the article convention; pooled-SD d = 1.285106. Education n = 195; control n = 303.",study_13_recomputed.csv,8,study_13
study_13_claim_02,study_13,10.1177/00986283221142016,"The bias education intervention increased objective and subjective knowledge of bias and multicultural competence, awareness of one's own bias, and behavioral intentions to reduce bias.",supplementary,two_sided,pending,"Same as claim_01: pre-specified positive direction confirmed; Welch design still needs a heteroscedastic model. [Directionality policy: the published significance test for this result is two-sided, so the Bayes factor is computed two-sided to match. The directional Phase 1 hypothesis is recorded but does not change the sidedness of the comparison; only study_20, whose authors ran a genuinely one-sided test, stays one-sided.]",second,study_13_result_02,"tₛₐₜ(455.40) = 14.45, p < .0005, d = 1.35",Welch’s independent-samples t-test,"tₛₐₜ (466.17) = 9.79, p < .001, d = 0.91","tₛₐₜ (466.17) = 9.79, p < .001, d = 0.91",Fully reproducible,TRUE,,"t_sat(466.17) = 9.79, p < .001, d = 0.91",recomputed_from_raw_data,welch_independent_t_test,1.0387197857941702e-20,=,two_sided,9.790970952113485,466.1677644263239,,,,,,,,195,303,498,118.644578313253,cohens_d_article_t_df_transform,0.90695270080391,0.15842599644579847,0.01618082590793516,data/raw/study_13/DATA_Cleaned_and_coded_for_condition.sav,condition; obj_total,obj_total ~ condition; Welch independent-samples t-test,education intervention minus control; condition 1 minus condition 0,"Recovered Welch t, Satterthwaite df, group sizes, exact p, mean difference and Welch SE. effect_size_value stores 2*t/sqrt(df), matching the article convention; pooled-SD d = 0.862712. Education n = 195; control n = 303.",study_13_recomputed.csv,9,study_13
study_14_claim_01,study_14,10.1177/1475725719859453,"Perceived need for reform and number of student researchers supervised/year correlated with teaching these issues, suggesting that those who believe more change is needed in psychology research and are more involved in shaping the next generation of psychology researchers are more likely to discuss replication and reform in their courses. ",primary,two_sided,ready,Verified: reported key r=.46 matches result_01 exactly. No explicit directional hypothesis in Phase 1 (aim/RQ substituted) -- keep two_sided.,key,study_14_result_01,"r(56) = .46, p < .001",Pearson correlation,"r(56) = .46, p < .001","r(56) = .46, p < .001",Fully reproducible,TRUE,,"r(56) = .46, p < .001",recomputed_from_raw_data_pairwise_complete,pearson_correlation,2.801095267522945e-4,=,two_sided,3.876999222244787,56,,,,,,,0.4600143435956783,,,58,58,correlation_r,0.4600143435956783,,,data/raw/study_14/Perceived_need_for_reform_and_teaching_of_best_research_practices.sav,reform; grad_replication,Pearson correlation: reform with grad_replication; pairwise complete observations,positive association between reform and grad_replication,"Recovered r, equivalent t, df, exact p and pairwise N. Article df = 56; recomputed df = 56; pairwise N = 58.",study_14_recomputed.csv,10,study_14
study_14_claim_02,study_14,10.1177/1475725719859453,"Perceived need for reform and number of student researchers supervised/year correlated with teaching these issues, suggesting that those who believe more change is needed in psychology research and are more involved in shaping the next generation of psychology researchers are more likely to discuss replication and reform in their courses. ",supplementary,two_sided,ready,Verified: reported second r=.30 matches result_02 exactly. Same reasoning as claim_01.,second,study_14_result_02,"r(56) = .46, p < .001",Pearson correlation,"r(228)= .30, p < .001","r(228)= .30, p < .001",Fully reproducible,TRUE,,"r(228) = .30, p < .001",recomputed_from_raw_data_pairwise_complete,pearson_correlation,5.3489935621111325e-6,=,two_sided,4.661225131634766,228,,,,,,,0.29496284411487556,,,230,230,correlation_r,0.29496284411487556,,,data/raw/study_14/Perceived_need_for_reform_and_teaching_of_best_research_practices.sav,reform; Adv_topics,Pearson correlation: reform with Adv_topics; pairwise complete observations,positive association between reform and Adv_topics,"Recovered r, equivalent t, df, exact p and pairwise N. Article df = 228; recomputed df = 228; pairwise N = 230.",study_14_recomputed.csv,11,study_14
study_18_claim_01,study_18,10.1177/00986283221130298,"Psychology students reported significantly higher perceived prominence of psychological literacy attributes in their degree, compared with Humanities and non-Psychology STEM students, in all but two of the psychological literacy attributes.",primary,unclear,pending,"Verified: reported key F(16,574)=36.66 matches result_01 exactly. Wave 3 (MANOVA, 16 outcome-related predictors). Needs raw-data multivariate model.",key,study_18_result_01,"F(16, 574) = 36.66, p < .001, Pillai’s Trace = 1.011, ηp²= .505.",One-way MANOVA comparing 3 subject groups,"F(16, 574) = 36.66, p < .001, Pillai’s Trace = 1.011, ηp²= .505.","F (16, 574) = 36.66, p < .001, Pillai’s Trace = 1.011, ηp²= .505.",Fully reproducible,TRUE,,"F(16, 574) = 36.66, p < .001, Pillai's Trace = 1.011, eta_p2 = .505",recomputed_from_raw_data,manova,5.348010931422366e-77,<,omnibus,,,36.660357611238425,16,574,,,,,,,296,,eta_p2,0.5054136192134575,,,data/raw/study_18/Psychological_literacy_subject_study_finaldataset.sav,STEM_NONSTEM_PSYCH; Skill_1_Awareness; Skill_1_Development; Skill_1_Confidence; Skill_1_Importance; Skill_2_Awareness; Skill_2_Development; Skill_2_Confidence; Skill_2_Importance; Skill_3_Awareness; Skill_3_Development; Skill_3_Confidence; Skill_3_Importance; Skill_4_Awareness; Skill_4_Development; Skill_4_Confidence; Skill_4_Importance; Skill_5_Awareness; Skill_5_Development; Skill_5_Confidence; Skill_5_Importance; Skill_6_Awareness; Skill_6_Development; Skill_6_Confidence; Skill_6_Importance; Skill_7_Awareness; Skill_7_Development; Skill_7_Confidence; Skill_7_Importance; Skill_8_Awareness; Skill_8_Development; Skill_8_Confidence; Skill_8_Importance,"cbind(Skill_1_avg_recomputed, Skill_2_avg_recomputed, Skill_3_avg_recomputed,      Skill_4_avg_recomputed, Skill_5_avg_recomputed, Skill_6_avg_recomputed,      Skill_7_avg_recomputed, Skill_8_avg_recomputed) ~ subject_group",Subject-group effect across eight psychological literacy attribute averages: Psychology vs non-Psychology STEM vs Humanities/non-STEM,"One-way MANOVA with Pillai trace, matching the article's decision to report Pillai's Trace. Skill averages were recomputed from Awareness, Development, Confidence, and Importance item columns. Complete-case n = 296; Psychology n=117; non-Psychology STEM n=86; Humanities/non-STEM n=93. Pillai trace = 1.010827.",study_18_recomputed.csv,12,study_18
study_20_claim_01,study_20,10.1177/14757257221098860,Results showed that reflection and social interaction might be promising strategies to address epistemic doubt.,primary,positive,pending,Phase 1 hypothesis explicitly predicts reflection+social-interaction components lead to 'stronger epistemic change' than the comparisons -- this legitimately supports the one-sided test the authors themselves used (not a post-hoc choice). Updated from unclear to positive. Wave 3 (SEM/lavaan); still needs Bayesian SEM (e.g. blavaan).,key,study_20_result_01,"((MDV + MR + MRSI)/3 – MC = .372, SE = .183, p = .021; one-sided test)",Planned (linear) contrast tested via a one-sided Wald z within a latent difference score SEM,"((MDV + MR + MRSI)/3 – MC = .372, SE = .183, p = .021; one-sided test)","((MDV + MR + MRSI)/3 – MC = .372, SE = .183, p = .021; one-sided test)",Fully reproducible,TRUE,,"((MDV + MR + MRSI)/3 - MC = .372, SE = .183, p = .021; one-sided test)",recomputed_from_raw_data_supplied_sem_model,sem_contrast,0.0209958858209693,=,one_sided,,,,,,2.0336016867372755,,,,,,153,,none,,0.37156096937466826,0.18271078933397383,data/raw/study_20/PA_sj-csv-2-plj-10.1177_14757257221098860.csv,group_t2; FRG_A_01_t1; FRG_A_02_t1; FRG_A_03_t1; FRG_A_04_t1; FRG_A_05_t1; FRG_M_01_t1; FRG_M_02_t1; FRG_M_03_t1; FRG_M_04_t1; FRG_M_05_t1; FRG_E_01_t1; FRG_E_02_t1; FRG_E_03_t1; FRG_E_04_t1; FRG_E_05_t1; FRG_A_01_t2; FRG_A_02_t2; FRG_A_03_t2; FRG_A_04_t2; FRG_A_05_t2; FRG_M_01_t2; FRG_M_02_t2; FRG_M_03_t2; FRG_M_04_t2; FRG_M_05_t2; FRG_E_01_t2; FRG_E_02_t2; FRG_E_03_t2; FRG_E_04_t2; FRG_E_05_t2; DV; R; Social_Interaction; D_FRG_Index_t1; D_FRG_Index_t2,lavaan latent difference score model; Test_H1a := (m_DV + m_R + m_SI)/3 - b0,average of intervention latent-change means minus control latent-change mean,"Recovered estimate, SE, z and one-sided directional p from supplied lavaan model. Two-sided p = 0.0419918.",study_20_recomputed.csv,13,study_20
study_20_claim_02,study_20,10.1177/14757257221098860,Results showed that reflection and social interaction might be promising strategies to address epistemic doubt.,supplementary,positive,pending,Same pre-specified hypothesis as claim_01 supports positive/one-sided direction. Same SEM model family requirement.,second,study_20_result_02,"((MDV + MR + MRSI)/3 – MC = .372, SE = .183, p = .021; one-sided test)",Planned (linear) contrast tested via a one-sided Wald z within a latent difference score SEM,"(MRSI− MR= .081, SE= .227, p = .360; one-sided test).","(MRSI− MR= .081, SE= .227, p = .360; one-sided test).",Fully reproducible,TRUE,,"(MRSI - MR = .081, SE = .227, p = .360; one-sided test)",recomputed_from_raw_data_supplied_sem_model,sem_contrast,0.35982073197228404,=,one_sided,,,,,,0.35893800993428016,,,,,,153,,none,,0.08136299809648939,0.2266770189966411,data/raw/study_20/PA_sj-csv-2-plj-10.1177_14757257221098860.csv,group_t2; FRG_A_01_t1; FRG_A_02_t1; FRG_A_03_t1; FRG_A_04_t1; FRG_A_05_t1; FRG_M_01_t1; FRG_M_02_t1; FRG_M_03_t1; FRG_M_04_t1; FRG_M_05_t1; FRG_E_01_t1; FRG_E_02_t1; FRG_E_03_t1; FRG_E_04_t1; FRG_E_05_t1; FRG_A_01_t2; FRG_A_02_t2; FRG_A_03_t2; FRG_A_04_t2; FRG_A_05_t2; FRG_M_01_t2; FRG_M_02_t2; FRG_M_03_t2; FRG_M_04_t2; FRG_M_05_t2; FRG_E_01_t2; FRG_E_02_t2; FRG_E_03_t2; FRG_E_04_t2; FRG_E_05_t2; DV; R; Social_Interaction; D_FRG_Index_t1; D_FRG_Index_t2,lavaan latent difference score model; Test_H1c := m_SI - m_R,reflection plus social interaction latent-change mean minus reflection-only latent-change mean,"Recovered estimate, SE, z and one-sided directional p from supplied lavaan model. Two-sided p = 0.719641.",study_20_recomputed.csv,14,study_20
study_21_claim_01,study_21,10.1177/0098628318762900,"Following the lecture, students trusted psychological studies slightly less but saw greater similarities between psychology and natural science fields.",primary,two_sided,ready,"Verified: reported key matches result_01 (Pre M=5.31 SD=0.96, Post M=4.94 SD=1.10) exactly. No explicit directional hypothesis in Phase 1 (research question substituted) -- keep two_sided.",key,study_21_result_01,"Pre-lecture: M = 5.31, SD = 0.96 , Post-lecture: M = 4.94, SD = 1.10, d = −0.36 , p < .001",Paired samples t-test,"Pre-lecture : M = 5.31, SD = 0.96 , Post-lecture: M = 4.94, SD = 1.10, d = −0.36 , p < .001","Pre-lecture : M = 5.31, SD = 0.96 , Post-lecture: M = 4.94, SD = 1.10, d = −0.36 , p < .001",Fully reproducible,TRUE,,"Pre: M = 5.31, SD = 0.96; Post: M = 4.94, SD = 1.10; d = -0.36; p < .001",recomputed_from_raw_data,paired_t_test,3.104418290506897e-5,=,two_sided,-4.266812841710795,193,,,,,,,,,,194,194,cohens_d_marginal_pooled_sd,-0.35892742392629917,-0.3711340206185565,0.0869815561138484,data/raw/study_21/Spring2016.sav,trust1; trust2,paired t-test: trust2 - trust1,post-lecture trust minus pre-lecture trust,"Recovered paired n, t, df, exact p, post-pre mean difference and SE. Stored effect size uses marginal pooled-SD d to match article; paired dz = -0.306339; mean pre = 5.309278; mean post = 4.938144.",study_21_recomputed.csv,15,study_21
study_21_claim_02,study_21,10.1177/0098628318762900,"Following the lecture, students trusted psychological studies slightly less but saw greater similarities between psychology and natural science fields.",supplementary,unclear,held,"Out of scope per metadata/data_scope_note.md (result must have a p-value AND be fully reproduced): Ali's Phase 2 explicitly marks this second result 'Not reproducible', so no verified result and no p-value exist. Held, not re-attempted, same treatment as study_35.",second,,"Pre-lecture: M = 5.31, SD = 0.96 , Post-lecture: M = 4.94, SD = 1.10, d = −0.36 , p < .001",Paired samples t-test,"Pre lecture: M = 4.51, SD = 1.56, Post lecture: M = 4.64, SD = 1.49, d = .09","Pre-lecture: M = 4.09, SD = 1.66, Post-lecture: M = 4.28, SD = 1.57, d = .12",Not reproducible,FALSE,"Out of scope: Almuhanna Phase 2 status is 'Not reproducible', not 'Fully reproducible'.",,,,,,,,,,,,,,,,,,,,,,,,,,,,,,,
study_22_claim_01,study_22,10.1177/14757257231163482,"The combined training approach led to significant increases in declarative knowledge, advanced epistemic beliefs, and greater self-efficacy in implementing strategies relating to multiple document literacy and argumentative thinking.",primary,two_sided,ready,"Verified: reported key F(1,23)=50.76 matches result_01 exactly. Phase 1 hypothesis is non-specific ('could prove effective') -- not a crisp directional prediction, keep two_sided. Recomputed as a 2-level repeated-measures ANOVA; F(1,23)=50.76=t(23)^2=7.1245^2, so use t_value/t_df directly with the Wave-1 paired-t Bayes factor, not an ANOVA model.",key,study_22_result_01,"F(1, 23) = 50.76, p < .001, ηp² = .688",One-way repeated-measures ANOVA,"F(1, 23) = 50.76, p < .001, ηp² = .688","F (1, 23) = 50.76, p < .001, ηp² = .688",Fully reproducible,TRUE,,"F(1, 23) = 50.76, p < .001, eta_p2 = .688",recomputed_from_original_author_aggregate_variables,repeated_measures_anova,2.950955104342273e-7,<,omnibus,7.12450845249377,23,50.758620689655174,1,23,,,,,,,24,24,eta_p2,0.6881720430107527,4,0.5614422421802155,data/raw/study_22/Data_CombinedApproach_220523.sav,Vor_EU_All; PT_EU_All,SPSS GLM Vor_EU_All PT_EU_All /WSFACTOR = Zeitpunkt 2 Polynomial /WSDESIGN = Zeitpunkt,post-training epistemic-beliefs declarative knowledge minus pre-training epistemic-beliefs declarative knowledge,"The original SPSS syntax runs GLM on the saved author aggregate variables Vor_EU_All and PT_EU_All. Listwise deletion on these variables gives n = 24, pre M = 7.125 (SD = 3.468022), post M = 11.125 (SD = 2.559084), F(1, 23) = 50.758621, p = 2.95096e-07, eta_p2 = 0.688172.",study_22_recomputed.csv,16,study_22
study_22_claim_02,study_22,10.1177/14757257231163482,"The combined training approach led to significant increases in declarative knowledge, advanced epistemic beliefs, and greater self-efficacy in implementing strategies relating to multiple document literacy and argumentative thinking.",supplementary,unclear,held,"Out of scope per metadata/data_scope_note.md (result must have a p-value AND be fully reproduced): Ali's Phase 2 explicitly marks this second result 'Not reproducible', so no verified result and no p-value exist. Held, not re-attempted, same treatment as study_35.",second,,"F(1, 23) = 50.76, p < .001, ηp² = .688",One-way repeated-measures ANOVA,"F(1, 39) = 4.95, p = .032, ηp² = .113","F(1, 38) = 4.151, p = .049, ηp² = .098",Not reproducible,FALSE,"Out of scope: Almuhanna Phase 2 status is 'Not reproducible', not 'Fully reproducible'.",,,,,,,,,,,,,,,,,,,,,,,,,,,,,,,
study_26_claim_01,study_26,10.1177/00986283221108129,Follow-up recognition significantly improved for all pioneer groups.,primary,two_sided,pending,"Verified: reported key z=-6.155 matches result_01 (z=-6.154861) exactly. Wave 3: Wilcoxon signed-rank. Needs a rank-likelihood or robust location model, not a t-test conversion.",key,study_26_result_01,"women: z = -6.155, p < .001, r = -.87",Wilcoxon Signed-Rank t-tests,"women: z = -6.155, p < .001, r = -.87","z = -6.155, p < .001, r = -.87",Fully reproducible,TRUE,,"women: z = -6.155, p < .001, r = -.87",recomputed_from_author_composite_variables,wilcoxon_signed_rank,7.514318919004386e-10,<,two_sided,,,,,,-6.154861385256024,,,,,,50,50,wilcoxon_r,-0.8704288445555524,1.25739130432,,data/raw/study_26/Final_Data_Set_Spring_2022.sav,womenrec1; womenrec2,SPSS NPAR TESTS /WILCOXON=womenrec1 WITH womenrec2 (PAIRED),follow-up recognition for women pioneers versus initial recognition for women pioneers,"The uploaded SPSS syntax identifies this as the main/chosen result. It uses the author composite variables womenrec1 and womenrec2. The script reconstructs the SPSS legacy Wilcoxon signed-rank normal approximation with tie correction and no continuity correction: n = 50, W+ = 0, W- = 1275, initial M = 0.237391 (SD = 0.24219, Mdn = 0.173913), follow-up M = 1.494783 (SD = 0.528417, Mdn = 1.543478), z = -6.154861, p = 7.51432e-10, r = -0.870429.",study_26_recomputed.csv,17,study_26
study_26_claim_02,study_26,10.1177/00986283221108129,Follow-up recognition significantly improved for all pioneer groups.,supplementary,two_sided,pending,Verified: reported second z=-6.126 matches result_02 (z=-6.126040) exactly. Same model requirement as claim_01.,second,study_26_result_02,"women: z = -6.155, p < .001, r = -.87",Wilcoxon Signed-Rank t-tests,"z = -6.126, p < .001, r = -.87","z = -6.126, p < .001, r = -.87",Fully reproducible,TRUE,,"initial women versus men: z = -6.126, p < .001, r = -.87",recomputed_from_author_composite_variables,wilcoxon_signed_rank,9.009311485633347e-10,<,two_sided,,,,,,-6.126040089883296,,,,,,50,50,wilcoxon_r,-0.8663528978754251,-0.85043478264,,data/raw/study_26/Final_Data_Set_Spring_2022.sav,womenrec1; menrec1,SPSS NPAR TESTS /WILCOXON=womenrec1 WITH menrec1 (PAIRED),initial recognition for women pioneers versus initial recognition for men pioneers,"The uploaded SPSS syntax identifies this as an extra result. It uses the author composite variables womenrec1 and menrec1. The script reconstructs the SPSS legacy Wilcoxon signed-rank normal approximation with tie correction and no continuity correction: n = 50, W+ = 3, W- = 1272, women M = 0.237391 (SD = 0.24219, Mdn = 0.173913), men M = 1.087826 (SD = 0.489974, Mdn = 0.978261), z = -6.12604, p = 9.00931e-10, r = -0.866353.",study_26_recomputed.csv,18,study_26
study_27_claim_01,study_27,10.1177/00986283211065746,Made me feel closer to my classmate One-sample t-test Effect size: d = 5.65 p < .001,primary,two_sided,held,"Ali's Phase 2: reported 'd = 5.65 p < .001', reproduced 'd(av) = 5.64, p < .001.' -> 'Not reproducible'. HELD per the project scope rule, but the exclusion is effect-size-only: t(38) = 25.32, p, and all Ms/SDs reproduce EXACTLY; d_av = 5.6446 vs reported 5.65, an absolute difference of 0.0054 that rounds to 5.64. VERIFIED across all 7 rows of Supplementary Table 1 (values recovered from the article + Ali's SPSS .spv): all 7 t values reproduce exactly; d_av reproduces 3 of 7 published d exactly while dz reproduces only the trivial 0.00; no single formula reproduces the whole table, which is itself off by 0.0316 on the 'Belonging' row and carries two wrong descriptives. Ali used d_av (the authors' method), not SPSS's dz. Wave-1 Bayes factors use t/df/n and never d, so this claim is statistically usable if the scope rule is refined to 'reproducible on the test statistic and p-value'.",key,study_27_result_01,d = 5.65 p < .001,Paired samples t-test,d = 5.65 p < .001,"d(av) = 5.64, p < .001.",Not reproducible,FALSE,"Out of scope: Almuhanna Phase 2 status is 'Not reproducible', not 'Fully reproducible'.","t(38) = 25.32, p < .001, d = 5.65",recomputed_from_raw_data_effect_size_average_sd_off_by_rounding,paired_t_test,2.1299842914956694e-25,<,two_sided,25.322914524201217,38,,,,,,,,,,39,,cohen_d_average_sd,5.644600510931976,3.4615384615384617,0.13669589486748276,data/raw/study_27/ClassExerciseData.sav,Q3_4pre; Q3_4,paired t-test: post - pre; average-SD Cohen's d,post minus pre,"Paired-samples t test, POST - PRE, pairwise-complete. Effect size is the manuscript's average-SD d = mean_diff/((sd_pre+sd_post)/2) = 5.6446 vs reported 5.65 (absolute difference 0.0054). SPSS's difference-score d (dz) = 4.055 is NOT what the article reports. t = 25.322915 reproduces the reported t = 25.32 exactly. ALI (Phase 2): reproduced 'd(av) = 5.64, p < .001.' -> 'Not reproducible'. Ali used the same average-SD method, so his verdict on this result turns only on rounding at the second decimal of d, not on the test statistic. Validated across all 7 rows of Supplementary Table 1: all 7 t values reproduce exactly, d_av reproduces 3 of 7 published d values exactly (dz reproduces 1, the trivial 0.00), and no single formula reproduces the whole table. Raw .sav holds 77 rows; 39 have complete pre/post on this item.",study_27_recomputed.csv,46,study_27
study_27_claim_02,study_27,10.1177/00986283211065746,Made me feel closer to my classmate One-sample t-test Effect size: d = 5.65 p < .001,supplementary,two_sided,ready,"Ali's Phase 2: reported 'd = 1.80, p < .001', reproduced 'd = 1.80, p < .001' -> 'Fully reproducible'. Our reproduction matches exactly: t(38) = 9.03 and d_av = 1.7960 -> 1.80 (absolute difference 0.0040). NOTE the error here is essentially the same size as the key result's 0.0054 -- the split verdict tracks a rounding boundary, not a difference in reproducibility. Ali's match is a correct application of the authors' d_av method, not a coincidence: dz would have given 1.45 and failed this result too. Wave 1: paired t-test, two-sided published test, two-sided JZS Bayes factor.",second,study_27_result_02,d = 5.65 p < .001,Paired samples t-test,"d = 1.80, p < .001","d = 1.80, p < .001",Fully reproducible,TRUE,,"t(38) = 9.03, p < .001, d = 1.80",recomputed_from_raw_data,paired_t_test,5.4185907142138495e-11,<,two_sided,9.02724207476679,38,,,,,,,,,,39,,cohen_d_average_sd,1.796034744465167,1.6410256410256412,0.18178593499920467,data/raw/study_27/ClassExerciseData.sav,Q3_9pre; Q3_9,paired t-test: post - pre; average-SD Cohen's d,post minus pre,"Paired-samples t test, POST - PRE, pairwise-complete. Effect size is the manuscript's average-SD d = mean_diff/((sd_pre+sd_post)/2) = 1.79603 vs reported 1.8 (absolute difference 0.00397). SPSS's difference-score d (dz) = 1.446 is NOT what the article reports. t = 9.0272421 reproduces the reported t = 9.03 exactly. ALI (Phase 2): reproduced 'd = 1.80, p < .001' -> 'Fully reproducible'. Ali used the same average-SD method, so his verdict on this result turns only on rounding at the second decimal of d, not on the test statistic. Validated across all 7 rows of Supplementary Table 1: all 7 t values reproduce exactly, d_av reproduces 3 of 7 published d values exactly (dz reproduces 1, the trivial 0.00), and no single formula reproduces the whole table. Raw .sav holds 77 rows; 39 have complete pre/post on this item.",study_27_recomputed.csv,47,study_27
study_29_claim_01,study_29,10.1177/0098628319888087,"Faculty respondents (N = 645) also liked and respected all the targets but predicted that Associate Teaching Professors, compared to Associate Professors, would be paid less and would be less likely to have tenure, hold the PhD, or be respected outside their university. ",primary,two_sided,held,"Out of scope: Ali's Phase 2 marks the key result 'Not reproducible'. Effect-size-only again: F(1, 432) = 232.57 and p < .001 reproduce EXACTLY; only d differs (reported 1.50 vs reproduced 1.46). Held per the project scope rule (Ali's standard).",key,study_29_result_01,"F(1, 432) = 232.57, p < .001, d = 1.50, 95% CI [1.25, 1.67]",2×2 between-subjects factorial ANOVA.,"F(1, 432) = 232.57, p < .001, d = 1.50, 95% CI [1.25, 1.67]","F(1, 432) = 232.57, p < .001, d = 1.46, CI [1.25, 1.67]",Not reproducible,FALSE,"Out of scope: Almuhanna Phase 2 status is 'Not reproducible', not 'Fully reproducible'.","F(1, 432) = 232.57, p < .001, d = 1.50, 95% CI [1.25, 1.67]",recomputed_from_raw_data_effect_size_d_off_by_0.04,factorial_between_anova,2.5472880635161942e-42,=,omnibus,,,232.56798263484384,1,432,,,,,221,215,436,,cohens_d,1.4616947774873217,2.7574029253919807,0.10792206725611928,data/raw/study_29/Morling and Lee Faculty Sample Open Data.csv,univtenure; Title; Department,univtenure ~ Title * Department; Type-III between-subjects ANOVA (SPSS UNIANOVA SSTYPE(3)); Title main effect,Associate Professor (Title=2) minus Associate Teaching Professor (Title=1),Title main effect on univtenure. eta_p2 = 0.350; Cohen's d = mean_diff / sqrt(MSE) = 1.462 (reported 1.50). F and 95% CI reproduce; d off by ~0.04.,study_29_recomputed.csv,48,study_29
study_29_claim_02,study_29,10.1177/0098628319888087,"Faculty respondents (N = 645) also liked and respected all the targets but predicted that Associate Teaching Professors, compared to Associate Professors, would be paid less and would be less likely to have tenure, hold the PhD, or be respected outside their university. ",supplementary,two_sided,ready,"Fully reproducible per Ali's Phase 2: F(1, 429) = 14.19, p < .001, d = 0.36 [0.17, 0.55] reproduced exactly. Wave 2: 2x2 between-subjects factorial ANOVA. The numerator df is 1, so this is a candidate for a t-equivalent Bayes factor once the design is reviewed; it is NOT auto-eligible for Wave 1 because stat_test is factorial_between_anova and p_sidedness is omnibus.",second,study_29_result_02,"F(1, 432) = 232.57, p < .001, d = 1.50, 95% CI [1.25, 1.67]",2×2 between-subjects factorial ANOVA.,"F(1, 429) = 14.19, p < .001, d= 0.36 [0.17, 0.55]","F(1, 429) = 14.19, p < .001, d= 0.36 [0.17, 0.55]",Fully reproducible,TRUE,,"F(1, 429) = 14.19, p < .001, d = 0.36, 95% CI [0.17, 0.55]",recomputed_from_raw_data,factorial_between_anova,1.8812884935687636e-4,=,omnibus,,,14.192001300695903,1,429,,,,,220,213,433,,cohens_d,-0.36289883619820673,-0.3936833119931715,0.09690906368110476,data/raw/study_29/Morling and Lee Faculty Sample Open Data.csv,univkids; Title; Department,univkids ~ Title * Department; Type-III between-subjects ANOVA (SPSS UNIANOVA SSTYPE(3)); Title main effect,Associate Professor (Title=2) minus Associate Teaching Professor (Title=1),Title main effect on univkids. eta_p2 = 0.032; Cohen's d = mean_diff / sqrt(MSE) = -0.363 (reported 0.36). Reproduces.,study_29_recomputed.csv,49,study_29
study_30_claim_01,study_30,10.1037/stl0000104,"The results were largely inconclusive, showing no significant change in performance between a pretest (M 11.00, SD 3.44) and a posttest (M 10.30, SD 2.62), t(36) 1.21, p = .23",primary,two_sided,ready,"Verified: reported t(36)=-1.21, p=.23 matches result_01 exactly. Phase 1's own claim frames this as 'largely inconclusive, no significant change' -- consistent with two_sided, no change needed.",key,study_30_result_01,"t(36) = -1.21, p = .23 ",Paired samples t-test,"t(36) = -1.21, p = .23 ","t(36) = -1.21, p = .23 ",Fully reproducible,TRUE,,"t(36) = -1.21, p = .23",recomputed_from_raw_data,paired_t_test,0.23339342533095808,=,two_sided,-1.2120366987318494,36,,,,,,,,,,37,37,cohens_dz_paired,-0.19925760584844449,-0.7027027027027027,0.579770153360817,data/raw/study_30/data_scoresOnly.csv,Subject; Pre-test; Post-test,paired t-test: Post-test - Pre-test,posttest minus pretest,"Recovered paired n, t, df, exact p, mean difference, SE and paired dz. N = 37; pre mean = 11; post mean = 10.297297.",study_30_recomputed.csv,19,study_30
study_33_claim_01,study_33,10.1037/stl0000227,"Quantitative and qualitative analyses indicated that students learned about the applicability of social psychology to real-world phenomena and felt high levels of engagement in the research
process",primary,two_sided,ready,"Verified: reported key t=4.27 matches result_01 exactly. Phase 1 hypothesis is general framing about promoting engagement, not a crisp one-sample directional prediction against the scale midpoint -- keep two_sided (conservative).",key,study_33_result_01,"t(11) = 4.27, p = .001, d = 1.23, 95% CI [0.58, 1.81]",One-sample t-test,"t(11) = 4.27, p = .001, d = 1.23, 95% CI [0.58, 1.81]","t(11) = 4.27, p = .001, d = 1.23, 95% CI [0.58, 1.81]",Fully reproducible,TRUE,,"t(11) = 4.27, p = .001, d = 1.23, 95% CI [0.58, 1.81]",recomputed_from_raw_data,one_sample_t_test,0.0013185060147071,=,two_sided,4.270978296055972,11,,,,,,,,,,12,12,cohens_d_one_sample,1.2329252344654822,1.1944444444444446,0.27966530421085317,data/raw/study_33/ProcessedDataSPSS.sav,Engagement_Avg,one-sample t-test: Engagement_Avg against mu = 3,Engagement_Avg mean minus scale midpoint 3,"Recovered n, t, df, exact p, one-sample d, estimate and SE. Mean = 4.194444; SD = 0.968789.",study_33_recomputed.csv,20,study_33
study_33_claim_02,study_33,10.1037/stl0000227,"Quantitative and qualitative analyses indicated that students learned about the applicability of social psychology to real-world phenomena and felt high levels of engagement in the research
process",supplementary,two_sided,ready,Verified: reported second t=16.03 matches result_02 exactly. Same reasoning as claim_01.,second,study_33_result_02,"t(11) = 4.27, p = .001, d = 1.23, 95% CI [0.58, 1.81]",One-sample t-test,"t(11) = 16.03, p = .001, d = 4.63, 95% CI[1.41, 1.86])","t(11) = 16.03, p = .001, d = 4.63, 95% CI [1.41, 1.86])",Fully reproducible,TRUE,,"t(11) = 16.03, p < .001, d = 4.63, 95% CI [1.41, 1.86]",recomputed_from_raw_data,one_sample_t_test,5.650748853873423e-9,=,two_sided,16.030800890199103,11,,,,,,,,,,12,12,cohens_d_one_sample,4.627693604640872,1.6388888888888893,0.10223374989897552,data/raw/study_33/ProcessedDataSPSS.sav,SocialPsychRealWorld_Avg,one-sample t-test: SocialPsychRealWorld_Avg against mu = 3,SocialPsychRealWorld_Avg mean minus scale midpoint 3,"Recovered n, t, df, exact p, one-sample d, estimate and SE. Mean = 4.638889; SD = 0.354148.",study_33_recomputed.csv,21,study_33
study_35_claim_01,study_35,10.1037/stl0000314,"We found that answering questions about texts (retrieval practice) that were read with and without multitasking, both led to better recall 7 days later than texts read with multitasking followed by rereading..",primary,unclear,pending,"RESOLVED: the article's F(2,116) = 4.22, p < .02, eta_p2 = .07 IS reproducible. The earlier mismatch (F = 10.43) was a sums-of-squares issue diagnosed by Peter Allen: the authors used SPSS/SAS (Type III SS) while the script used weighted Type I/II marginals, which diverge because Sex is unbalanced (45 F, 15 M). Type III gives F = 4.223231, p = .016966, eta_p2 = .067872 -- matches the article. Moved from held to pending: this is a mixed ANOVA with a 2-df numerator, so it is Wave 2 (needs a raw-data Bayesian model), NOT reducible to a Wave-1 t-equivalent Bayes factor.",key,study_35_result_01,"F(2,116) = 4.22, p < .02, ηp² = .07",2x3 mixed ANOVA,"F(2,116) = 4.22, p < .02, ηp² = .07","F(2,116) = 4.22, p < .02, ηp² = .07",Fully reproducible,TRUE,,"F(2, 116) = 4.22, p < .02, eta_p2 = .07",recomputed_from_author_delayed_recall_variables,mixed_anova,0.01696583698840235,=,omnibus,,,4.2232308597817685,2,116,,,,,,,60,60,eta_p2,0.0678722528776864,,,data/raw/study_35/Untitled3.sav,CORRECT_ANSWERS_RR; CORRECT_ANSWERS_MMRP_A; CORRECT_ANSWERS_RP_A; Sex,"sex-controlled repeated-measures GLM: delayed_recall_percent ~ condition + condition:Sex error term; condition order = RR, MMRP, RP","delayed recall differs across multitask + reread, multitask + retrieval practice, and no multitask + retrieval practice","The article's Hypothesis 2 delayed-recall condition means are reproduced from the uploaded author data: RR M = 22.02381 (SD = 22.329397), MMRP M = 35.238095 (SD = 23.075031), RP M = 38.333333 (SD = 24.916556). Using all complete cases and controlling for Sex gives F(2, 116) = 4.223231, p = 0.0169658, eta_p2 = 0.067872. The unadjusted author-syntax-style repeated-measures GLM gives F(2, 118) = 10.146464, p = 8.58697e-05, eta_p2 = 0.146739. Sums of squares: TYPE III (SPSS/SAS default), using unweighted marginal means and an effective n of g * harmonic-mean(group sizes) = 45. This recovers the published F(2, 116) = 4.22, eta_p2 = .07. The earlier reported mismatch (F = 10.427106) came from weighted Type I/II marginals, which are inflated here because the between factor is unbalanced (Sex: 45 F, 15 M). Diagnosis credited to Peter Allen; cross-checked against afex::aov_ez(type = 3). The script does not exclude participant 39 and does not force the article value. Variable ordering only changes labels/contrasts, not the omnibus condition F.",study_35_recomputed.csv,22,study_35
study_37_claim_01,study_37,10.1037/stl0000356,"Students in asynchronous sections had a higher risk of withdrawing, as did students with lower self-efficacy and those reporting family obligations.",primary,two_sided,pending,"Fully reproducible per Ali's Phase 2: log-odds = 1.23, p < .001 (HUMAN_family). Wave 3: mixed-effects binomial logistic regression (lme4::glmer, bobyqa, nAGQ = 10). Needs a Bayesian GLMM, not a t-equivalent Bayes factor.",key,study_37_result_01,"Log-odds = 1.23, p < .001",Mixed-effects binomial logistic regression,"Log-odds= 1.23, p < .001","(Log-odds = 1.23, p < .001)",Fully reproducible,TRUE,,"Log-odds = 1.23, p < .001",recomputed_from_raw_data,mixed_effects_logistic_regression,5.085537391876573e-4,=,two_sided,,,,,,3.4762100854299707,,,,,,563,,log_odds_coefficient,1.226475766148826,1.226475766148826,0.3528198054799452,data/raw/study_37/osf_data.csv,Attrition; section; HUMAN_family1; + covariates (see model_formula),"Attrition ~ h1_demo_age_nontrad1 + h1_demo_gender_male1 + h1_demo_ethn_Lat1 + h1_demo_ethn_Afr1 + h1_demo_parents_y_1 + h1_demo_addl_lang_EngOther1 + h1_demo_first_semest1 + h1_regents_avg + h1_ESSES_avg + h1_textbook_y_1 + h1_blackboard_y_1 + synchronous1 + HUMAN_attn + HUMAN_work + HUMAN_course + HUMAN_mental + HUMAN_sleep + HUMAN_family + (1 | section); family = binomial(logit); glmer, bobyqa, nAGQ = 10; Wald z for HUMAN_family1","reporting family obligations (HUMAN_family = 1) vs not, on the log-odds of course withdrawal","model4_att fixed effect HUMAN_family1: log-odds = 1.2265 (SE = 0.3528), z = 3.476, p = 0.000509, OR = 3.409. n = 563 in 10 sections.",study_37_recomputed.csv,50,study_37
study_37_claim_02,study_37,10.1037/stl0000356,"Students in asynchronous sections had a higher risk of withdrawing, as did students with lower self-efficacy and those reporting family obligations.",supplementary,two_sided,pending,"Fully reproducible per Ali's Phase 2: log-odds = -1.11, p = .010 (synchronous). Wave 3, same model family as claim_01. Note the section-level SE is sensitive to the lme4 version; Ali's SE = 0.434330 is retained as the reference value.",second,study_37_result_02,"Log-odds = 1.23, p < .001",Mixed-effects binomial logistic regression,"(Log-odds = −1.11, p = .010)","(Log-odds = −1.11, p = .010)",Fully reproducible,TRUE,,"Log-odds = -1.11, p = .010",recomputed_from_raw_data,mixed_effects_logistic_regression,0.00680125755823099,=,two_sided,,,,,,-2.706421912130458,,,,,,563,,log_odds_coefficient,-1.1134727657547194,-1.1134727657547194,0.41141876688332346,data/raw/study_37/osf_data.csv,Attrition; section; synchronous11; + covariates (see model_formula),"Attrition ~ h1_demo_age_nontrad1 + h1_demo_gender_male1 + h1_demo_ethn_Lat1 + h1_demo_ethn_Afr1 + h1_demo_parents_y_1 + h1_demo_addl_lang_EngOther1 + h1_demo_first_semest1 + h1_regents_avg + h1_ESSES_avg + h1_textbook_y_1 + h1_blackboard_y_1 + synchronous1 + HUMAN_attn + HUMAN_work + HUMAN_course + HUMAN_mental + HUMAN_sleep + HUMAN_family + (1 | section); family = binomial(logit); glmer, bobyqa, nAGQ = 10; Wald z for synchronous11","synchronous (1) vs asynchronous (0) format, on the log-odds of course withdrawal","model4_att fixed effect synchronous11: log-odds = -1.1135 (SE = 0.4114), z = -2.706, p = 0.006801, OR = 0.328. n = 563 in 10 sections.",study_37_recomputed.csv,51,study_37
study_39_claim_01,study_39,10.1037/stl0000385,"Overall, students rated the project as an engaging and positive experience with high levels of educational value... students generally agreed that their contributions added to the diversity of publicly available materials.",primary,two_sided,pending,"Verified: reported key rho=.468 matches result_01 exactly. Wave 3: Spearman correlation, needs a rank-likelihood/copula model, not a Pearson conversion.",key,study_39_result_01,"ρ = .468, p = .008",Spearman’s rank-order correlation,"ρ = .468, p = .008","ρ = .468, p = .008",Fully reproducible,TRUE,,"rho = .468, p = .008",recomputed_from_raw_data,spearman_correlation,0.00785525563692106,=,two_sided,,,,,,,,,0.4684981537600316,,,31,31,spearman_rho,0.4684981537600316,0.4684981537600316,,Open_Pedagogy_Student_Perceptions.sav,Howmotivatingwasitthatthefinalproductofthisprojectwas; Ibelievemyphotographsadddiversitytothecollectionofpubl,"stats::cor.test(motivation_open_availability, photographs_add_diversity, method = 'spearman', exact = FALSE)",More motivation about the openly available final product is associated with stronger belief that photographs add diversity.,Recomputes Table 1 Spearman correlation. Pairwise N = 31. R uses the large-sample Spearman p-value because Likert items contain ties.,study_39_recomputed.csv,25,study_39
study_39_claim_02,study_39,10.1037/stl0000385,"Overall, students rated the project as an engaging and positive experience with high levels of educational value... students generally agreed that their contributions added to the diversity of publicly available materials.",supplementary,two_sided,pending,"CONFIRMED directly in Ali's own Phase 2 file: the second-result cell literally reads 'p =.394, p = .031' -- the same transcription glitch (rho mislabeled as p) is present in the source spreadsheet itself, not introduced during extraction. Recomputed rho=.394, p=.031 is used. Same model requirement as claim_01.",second,study_39_result_02,"ρ = .468, p = .008",Spearman’s rank-order correlation,"p =.394, p = .031","p =.394, p = .031",Fully reproducible,TRUE,,"rho = .394, p = .031",recomputed_from_raw_data_extraction_typo_corrected,spearman_correlation,0.03141382760977439,=,two_sided,,,,,,,,,0.3935734549922448,,,30,30,spearman_rho,0.3935734549922448,0.3935734549922448,,Open_Pedagogy_Student_Perceptions.sav,Didthiscourseseemmoreengagingorlessengagingthancourses; HowmuchdidyoulikesharingyourphotoswiththeworldonFlic,"stats::cor.test(course_engagement_comparison, liked_sharing_with_world_flickr, method = 'spearman', exact = FALSE)",Courses perceived as more engaging are associated with greater liking of sharing photographs with the world via Flickr.,"Recomputes Table 1 Spearman correlation. Pairwise N = 30. The original index row appears to contain a typo ('p = .394'); the article reports rho = .394, p = .031.",study_39_recomputed.csv,26,study_39
study_40_claim_01,study_40,10.1037/stl0000412,Exam performance for those students who opted in was improved beyond what was predicted by their baseline trajectory.,primary,unclear,pending,"Verified: reported key Delta-chi-sq=10.31 matches result_01 exactly. Wave 3: lavaan growth-model chi-square difference test, needs the full two-model Bayesian SEM comparison.",key,study_40_result_01,"Δχ²(2) = 10.31, p < .01.",Chi-square difference test,"Δχ²(2) = 10.31, p < .01.","Δχ²(2) = 10.31, p < .01.",Fully reproducible,TRUE,,"Delta chi-square(2) = 10.31, p < .01",recomputed_from_author_lavaan_models,chi_square_difference,0.00577128301535579,<,omnibus,,,,,,,10.309721727,2,,180,190,370,,none,,,,data/raw/study_40/Wood_and_Cross_2024_Final_Data_deidentified.csv,opt_in; p_tot1; p_tot2; p_tot3; p_tot4; p_tot5,lavaan latent-basis growth model: i =~ 1*p_tot1 + ... + 1*p_tot5; s =~ 0*p_tot1 + m/NA*p_tot2 + 1*p_tot3 + NA*p_tot4 + NA*p_tot5,Model 7 versus Model 8: intervention-related post-intervention trajectory differences beyond group mean-structure differences,"Recomputed from the author's lavaan latent-basis models using p_tot1-p_tot5 and opt_in. Model 7 is lb_fit3: lb_growth_par with group-specific means and post-intervention loadings, under the parallel pre-intervention loading assumption. Model 8 is lb_fit4: lb_growth with group-specific mean structure but loadings constrained equal across opt-in groups. lavaan::lavTestLRT(lb_fit3, lb_fit4) gave Model 7 chi-square = 25.579863, df = 23; Model 8 chi-square = 35.889584, df = 25; chi-square difference = 10.309722, df difference = 2, p = 0.00577128. n_total = 370; opt-out n = 180; opt-in n = 190.",study_40_recomputed.csv,27,study_40
study_40_claim_02,study_40,10.1037/stl0000412,Exam performance for those students who opted in was improved beyond what was predicted by their baseline trajectory.,supplementary,unclear,held,"Out of scope per metadata/data_scope_note.md (result must have a p-value AND be fully reproduced): Ali's Phase 2 explicitly marks this second result 'Not reproducible' (reported Delta-chi-sq=16.3, p<.005, but no recomputed row/p-value exists). Held, not re-attempted, same treatment as study_35.",second,,"Δχ²(2) = 10.31, p < .01.",Chi-square difference test,"Δχ²(2) = 16.3, p < .005.","Δχ²(2) = 16.13, p < .005.",Not reproducible,FALSE,"Out of scope: Almuhanna Phase 2 status is 'Not reproducible', not 'Fully reproducible'.",,,,,,,,,,,,,,,,,,,,,,,,,,,,,,,
study_41_claim_01,study_41,10.1177/00986283251313760,Results from the learning outcomes demonstrated increased research knowledge and skills and a positive overall experience with the project.,primary,two_sided,ready,"Verified: reported key t=8.53 matches result_01 exactly (df CORRECTED to 29, not 36). Phase 1 hypothesis explicitly predicts 'an increase' in research knowledge/skills pre-post -- legitimate pre-specified direction, updated from two_sided to positive. [Directionality policy: the published significance test for this result is two-sided, so the Bayes factor is computed two-sided to match. The directional Phase 1 hypothesis is recorded but does not change the sidedness of the comparison; only study_20, whose authors ran a genuinely one-sided test, stays one-sided.]",key,study_41_result_01,"t(36) = 8.53, p < .001, d = 1.56",Paired samples t-test,"t(36) = 8.53, p < .001, d = 1.56","t (29) = 8.53, p < .001, d = 1.56",Fully reproducible,TRUE,,"t = 8.53, p < .001, d = 1.56",recomputed_from_raw_data_pairwise_complete,paired_t_test,2.1220678220813164e-9,=,two_sided,8.532340234397516,29,,,,,,,,,,30,,cohens_dz_paired,1.557785071562812,1.8333333333333337,0.2148687561640336,data/raw/study_41/BART Content Knowledge_Deidentified.xlsx,"PRE_Analyze, POST_Analyze",paired t-test: POST_Analyze - PRE_Analyze,post minus pre,No imputation. Analysis uses pairwise-complete PRE/POST values. The article table reports t and d but does not report df; df follows from the number of complete pairs. Positive signs reflect POST - PRE.,study_41_recomputed.csv,28,study_41
study_41_claim_02,study_41,10.1177/00986283251313760,Results from the learning outcomes demonstrated increased research knowledge and skills and a positive overall experience with the project.,supplementary,two_sided,ready,"Verified: reported second t=6.15 matches result_02 exactly (df CORRECTED to 28, not 36). Same pre-specified positive direction as claim_01. [Directionality policy: the published significance test for this result is two-sided, so the Bayes factor is computed two-sided to match. The directional Phase 1 hypothesis is recorded but does not change the sidedness of the comparison; only study_20, whose authors ran a genuinely one-sided test, stays one-sided.]",second,study_41_result_02,"t(36) = 8.53, p < .001, d = 1.56",Paired samples t-test,"t (36) = 6.15, p < .001, d = 1.14","t(28) = 6.15, p < .001, d = 1.14",Fully reproducible,TRUE,,"t = 6.15, p < .001, d = 1.14",recomputed_from_raw_data_pairwise_complete,paired_t_test,1.219425388797962e-6,=,two_sided,6.151246852292457,28,,,,,,,,,,29,,cohens_dz_paired,1.1422578644469734,1.3793103448275863,0.22423264387667077,data/raw/study_41/BART Content Knowledge_Deidentified.xlsx,"PRE_Intr data, POST_Intr data",paired t-test: POST_Intrdata - PRE_Intrdata,post minus pre,No imputation. Analysis uses pairwise-complete PRE/POST values. The article table reports t and d but does not report df; df follows from the number of complete pairs. Positive signs reflect POST - PRE.,study_41_recomputed.csv,29,study_41
study_43_claim_01,study_43,10.1177/00986283231218943,"We found a testing effect for practiced content, whereas no transfer effect occurred for untested content from the same lecture sessions.",primary,unclear,pending,"RESOLVED. Almuhanna's KEY target is F(1,64) = 5.33, p = .024, eta_p2 = .08, marked 'Fully reproducible' -- the follow-up testing effect for REVIEWED content, not the learning-condition x question-type interaction (F = 5.18) that the reproduction script previously saved as its only row. Our recomputation gives F(1,64) = 5.325433, p = .0242607, eta_p2 = .076818, matching the article exactly (Glaser & Richter, 2023). The value was always computed but was recorded only inside the extraction_note; study_43.R now saves it as its own row (id 52). Model matches the authors' own Step-1 SPSS GLM syntax with Type III SS. Wave 2: follow-up simple effect inside a 2x2x2 mixed ANOVA whose error term comes from the full GLM, so it is NOT a Wave-1 t-equivalent despite the 1-df numerator.",key,study_43_result_02,"F(1, 64) = 5.33, p = .024, ηp² = .08",2×2×2 mixed ANOVA,"F(1, 64) = 5.33, p = .024, ηp² = .08.","F(1, 64) = 5.33, p = .024, ηp² = .08.",Fully reproducible,TRUE,,"Testing effect for reviewed content: F(1, 64) = 5.33, p = .024, eta_p2 = .08",recomputed_from_author_spss_repeated_measures_glm,mixed_anova,0.02426068009909113,=,omnibus,,,5.3254332738233945,1,64,,,,,,,67,,eta_p2,0.07681788663027694,0.02991293532338309,0.01697266522589208,data/raw/study_43/Datafile.sav,Crit_Score_Testing_old; Crit_Score_Testing_New; Crit_Score_Restudy_old; Crit_Score_Restudy_New; Lecture; questiontype_crit,SPSS GLM Crit_Score_Testing_old Crit_Score_Testing_New Crit_Score_Restudy_old Crit_Score_Restudy_New BY Lecture questiontype_crit /WSFACTOR = Learning_condition 2 Polynomial Old_vs_New 2 Polynomial /WSDESIGN = Learning_condition Old_vs_New Learning_condition*Old_vs_New /DESIGN = Lecture questiontype_crit,"Final-test performance on questions referring to TESTED content exceeds performance on questions referring to RESTUDIED content, within reviewed content.","ROW: follow-up simple effect for REVIEWED content -- this is Almuhanna's KEY target for study_43 (reported F(1,64) = 5.33, p = .024, eta_p2 = .08; marked Fully reproducible). Article: Glaser & Richter (2023), 'Follow-up tests revealed a testing effect for questions referring to reviewed content.' Recomputed from the author's SPSS GLM target using complete cases on the four criterion-score variables. The target within-subject interaction was reconstructed as the contrast (Testing_old - Testing_New) - (Restudy_old - Restudy_New), then tested as the intercept in lm(contrast ~ Lecture + questiontype_crit) using sum contrasts, matching the SPSS repeated-measures GLM with Lecture and questiontype_crit as between-subject factors and no Lecture x questiontype_crit term. n_total = 67; Lecture counts: 1=39; 2=28; questiontype_crit counts: -1=37; 1=30. Target interaction: F(1, 64) = 5.183127, p = 0.0261602, eta_p2 = 0.074919. Follow-up reviewed/tested content contrast: F(1, 64) = 5.325433, p = 0.0242607, eta_p2 = 0.076818. Follow-up unreviewed-content contrast: F(1, 64) = 0.739777, p = 0.392943, eta_p2 = 0.011427. Question-type main effect: F(1, 64) = 19.091631, p = 4.66226e-05, eta_p2 = 0.229766. Learning-condition main effect: F(1, 64) = 0.634395, p = 0.428692, eta_p2 = 0.009815.",study_43_recomputed.csv,52,study_43
study_43_claim_02,study_43,10.1177/00986283231218943,"We found a testing effect for practiced content, whereas no transfer effect occurred for untested content from the same lecture sessions.",supplementary,unclear,pending,"RESOLVED. Almuhanna's SECOND target is F(1,64) = 19.09, p < .001, eta_p2 = .23, marked 'Fully reproducible' -- the question-type main effect (reviewed vs not reviewed). Our recomputation gives F(1,64) = 19.091631, p = 4.66226e-05, eta_p2 = .229766, matching the article exactly. As with claim_01 the value existed only in the extraction_note; study_43.R now saves it as its own row (id 53). Wave 2: within-subject main effect in a mixed design.",second,study_43_result_03,"F(1, 64) = 5.33, p = .024, ηp² = .08",2×2×2 mixed ANOVA,"F(1, 64) = 19.09, p < .001, ηp² = .23","F(1, 64) = 19.09, p < .001, ηp² = .23",Fully reproducible,TRUE,,"Question-type main effect: F(1, 64) = 19.09, p < .001, eta_p2 = .23",recomputed_from_author_spss_repeated_measures_glm,mixed_anova,4.6622630546360285e-5,=,omnibus,,,19.091630797282217,1,64,,,,,,,67,,eta_p2,0.2297659898366884,0.05220771144278608,0.0120747883005952,data/raw/study_43/Datafile.sav,Crit_Score_Testing_old; Crit_Score_Testing_New; Crit_Score_Restudy_old; Crit_Score_Restudy_New; Lecture; questiontype_crit,SPSS GLM Crit_Score_Testing_old Crit_Score_Testing_New Crit_Score_Restudy_old Crit_Score_Restudy_New BY Lecture questiontype_crit /WSFACTOR = Learning_condition 2 Polynomial Old_vs_New 2 Polynomial /WSDESIGN = Learning_condition Old_vs_New Learning_condition*Old_vs_New /DESIGN = Lecture questiontype_crit,Final-test performance on questions referring to REVIEWED (tested or restudied) content exceeds performance on questions referring to content NOT reviewed.,"ROW: question-type main effect -- this is Almuhanna's SECOND target for study_43 (reported F(1,64) = 19.09, p < .001, eta_p2 = .23; marked Fully reproducible). Article: 'We found a strong main effect for question type.' Recomputed from the author's SPSS GLM target using complete cases on the four criterion-score variables. The target within-subject interaction was reconstructed as the contrast (Testing_old - Testing_New) - (Restudy_old - Restudy_New), then tested as the intercept in lm(contrast ~ Lecture + questiontype_crit) using sum contrasts, matching the SPSS repeated-measures GLM with Lecture and questiontype_crit as between-subject factors and no Lecture x questiontype_crit term. n_total = 67; Lecture counts: 1=39; 2=28; questiontype_crit counts: -1=37; 1=30. Target interaction: F(1, 64) = 5.183127, p = 0.0261602, eta_p2 = 0.074919. Follow-up reviewed/tested content contrast: F(1, 64) = 5.325433, p = 0.0242607, eta_p2 = 0.076818. Follow-up unreviewed-content contrast: F(1, 64) = 0.739777, p = 0.392943, eta_p2 = 0.011427. Question-type main effect: F(1, 64) = 19.091631, p = 4.66226e-05, eta_p2 = 0.229766. Learning-condition main effect: F(1, 64) = 0.634395, p = 0.428692, eta_p2 = 0.009815.",study_43_recomputed.csv,53,study_43
study_44_claim_01,study_44,10.1177/00986283231199454,"In Experiment 1, more positive evaluations were provided for SETs with higher ratings.",primary,unclear,pending,"Verified: reported key F(7,199)=12.75 matches result_01 exactly. Wave 3 (MANOVA, Experiment 1). Needs raw-data multivariate model.",key,study_44_result_01,"F(7, 199) = 12.75, p < .001, ηp² = .31",2 x 2 x 2 between-subjects MANOVA,"F(7, 199) = 12.75, p < .001, ηp² = .31","F(7, 199) = 12.75, p < .001, ηp² = .31",Fully reproducible,TRUE,,"F(7, 199) = 12.75, p < .001, eta_p2 = .31",recomputed_from_original_experiment1_columns_type3_pillai_manova,manova,1.7157316959997989e-13,<,omnibus,,,12.74755527561583,7,199,,,,,106,107,213,,eta_p2,0.3095860707636572,,,data/raw/study_44/Untitled2.sav,METADATA; Group; V6; OUTCOMES1; V8; V10; V11; V12; V13; V15,"MANOVA cbind(effective, well_liked, clear_expectations_reversed, helpful, challenging_content, learning_environment, prepared_reversed) ~ participant_status * rating_magnitude * quizzing_comment, with sum contrasts and Type-III Pillai tests",main effect of rating magnitude: high ratings versus low ratings,"Experiment 1 only. The original outcome columns were used directly: OUTCOMES1, V8, V10, V11, V12, V13, V15. This avoids the partially missing manually derived variables helpful/challenging in the edited SAV. Complete-case N = 213; students = 117; faculty = 96; high-rating n = 106; low-rating n = 107. Type-III Pillai trace = 0.30958607, F = 12.747555, df = 7, 199, p = 1.7157317e-13.",study_44_recomputed.csv,32,study_44
study_44_claim_02,study_44,10.1177/00986283231199454,"In Experiment 1, more positive evaluations were provided for SETs with higher ratings.",supplementary,unclear,pending,"Verified: reported second F(7,199)=0.65 matches result_02 exactly. Same MANOVA model family as claim_01.",second,study_44_result_02,"F(7, 199) = 12.75, p < .001, ηp² = .31",2 x 2 x 2 between-subjects MANOVA,"F(7, 199)= 0.65, p = .714, ηp² = .02.","F(7, 199)= 0.65, p = .714, ηp² = .02.",Fully reproducible,TRUE,,"F(7, 199) = 0.65, p = .714, eta_p2 = .02",recomputed_from_original_experiment1_columns_type3_pillai_manova,manova,0.713933591700381,=,omnibus,,,0.6501857665301475,7,199,,,,,109,104,213,,eta_p2,0.02235947575640109,,,data/raw/study_44/Untitled2.sav,METADATA; Group; V6; OUTCOMES1; V8; V10; V11; V12; V13; V15,"MANOVA cbind(effective, well_liked, clear_expectations_reversed, helpful, challenging_content, learning_environment, prepared_reversed) ~ participant_status * rating_magnitude * quizzing_comment, with sum contrasts and Type-III Pillai tests",main effect of quizzing comments: comments mention daily quizzes versus comments mention no quizzes,"Experiment 1 only. The original outcome columns were used directly: OUTCOMES1, V8, V10, V11, V12, V13, V15. This is the article's MANOVA effect for whether comments mentioned daily quizzes. Complete-case N = 213; quizzes n = 109; no-quizzes n = 104. Type-III Pillai trace = 0.022359476, F = 0.65018577, df = 7, 199, p = 0.71393359.",study_44_recomputed.csv,33,study_44
study_45_claim_01,study_45,10.1177/00986283241247181,"Students gave the highest ratings to the importance of psychological core attributes in their future careers and understanding the application of theory, but the lowest to the development of attributes and understanding the role of theory in research.",primary,unclear,pending,"Verified: reported key chi-sq(3)=1321.10 matches result_01 exactly. Wave 3: Friedman test, needs an ordinal/rank repeated-measures Bayesian model.",key,study_45_result_01,"χ²(3) = 1,321.10, p < .001, W = 0.81",Friedman test,"χ²(3) = 1,321.10, p < .001, W = 0.81.","χ²(3) = 1,321.10, p < .001, W = 0.81.",Fully reproducible,TRUE,,"chi-square(3) = 1321.10, p < .001, W = 0.81",recomputed_from_original_author_friedman_test,friedman_test,3.8950536093264133e-286,<,omnibus,,,,,,,1321.0954043048284,3,,,,546,546,kendalls_w,0.8065295508576487,,,data/raw/study_45/Untitled3.sav,AVG_Aware; AVG_Dev; AVG_Explain; AVG_Import,SPSS NPAR TESTS /FRIEDMAN=AVG_Aware AVG_Dev AVG_Explain AVG_Import /MISSING LISTWISE,"overall difference among psychological-literacy dimensions: awareness, development, confidence/explain, and importance","Recomputed from the original author dataset using complete cases on AVG_Aware, AVG_Dev, AVG_Explain, and AVG_Import. This mirrors the uploaded SPSS syntax NPAR TESTS /FRIEDMAN=AVG_Aware AVG_Dev AVG_Explain AVG_Import /MISSING LISTWISE. Complete-case n = 546; k = 4; means: AVG_Aware = 5.241529, AVG_Dev = 4.274725, AVG_Explain = 4.521291, AVG_Import = 6.037775. SDs: AVG_Aware = 0.874828, AVG_Dev = 0.808013, AVG_Explain = 0.909607, AVG_Import = 0.659118. Medians: AVG_Aware = 5.125, AVG_Dev = 4.25, AVG_Explain = 4.375, AVG_Import = 6. Friedman chi-square = 1321.095404, df = 3, p = 3.89505e-286, Kendall's W = 0.80653.",study_45_recomputed.csv,34,study_45
study_47_claim_01,study_47,10.1177/00986283231226187,Taking a multiple-choice test led to predictions about future performance that were 10% higher than those taking a short-answer test. ,primary,two_sided,ready,"MOVED TO WAVE 1. The between-subjects Condition effect F(1,119) is exactly an equal-variance independent-samples t-test on each subject's mean of the three prediction scores: t(119)=2.232190, F=t^2=4.982671, p=.027474 two-sided, matching the article. df 119 = 121-2 (63 vs 58). Meets the Wave-1 rule: two independent groups, single per-subject score, pooled (Student, not Welch) error, F=t^2. Sidedness follows the published non-directional F, so two-sided. Reclassified from mixed_anova to independent_t_test in the recomputed row. NOTE the DV is a composite (average of remember/MC/OE), which is the quantity the between-subjects F itself tests. Supersedes the earlier 'candidate, pending review' note.",key,study_47_result_01,"F(1, 119) = 4.98, p = .027, ηp² = .040",2x3 Mixed ANOVA,"F(1, 119) = 4.98, p = .027, ηp² = .040","F(1, 119) = 4.98, p = .027, ηp² = .040",Fully reproducible,TRUE,,"Between-subjects Condition effect: F(1,119)=4.98 = t(119)^2; t(119)=2.23, p=.027 (equal-variance independent t on each subject's mean of the three prediction scores)",recomputed_from_author_spss_glm,independent_t_test,0.02747386297158548,=,two_sided,2.232189658058012,119,,,,,,,,63,58,121,,cohens_d_pooled,0.4061996130226197,,,data/raw/study_47/Outside_Assistance_Dataset.sav,Condition; PercentRember; PercentCorrectMC; PercentCorrectOE,SPSS GLM PercentRember PercentCorrectMC PercentCorrectOE BY Condition /WSFACTOR=factor1 3 Polynomial /WSDESIGN=factor1 /DESIGN=Condition,between-subjects main effect of testing condition on average predicted future performance,"RECLASSIFIED to Wave 1. The SPSS mixed GLM 'Tests of Between-Subjects Effects' Condition effect collapses each subject's three within-measures (PercentRember, PercentCorrectMC, PercentCorrectOE) to their mean and does a one-way between-groups ANOVA on those means -- i.e. an equal-variance independent-samples t-test of Condition 1 (n=63) vs Condition 2 (n=58). Recomputed via lm(row_mean ~ Condition): t(119) = 2.232190, F(1,119) = 4.982671, p = .027474 (two-sided), Cohen's d(pooled) = 0.406200; matches the published F(1,119)=4.98, p=.027, eta_p2=.04. df 119 = 121 - 2 confirms the two-group independent-t equivalence. Sidedness is two-sided because the published test was a non-directional F. The composite DV (mean of three percent-correct measures) is exactly the quantity the between-subjects F tests.",study_47_recomputed.csv,35,study_47
study_47_claim_02,study_47,10.1177/00986283231226187,Taking a multiple-choice test led to predictions about future performance that were 10% higher than those taking a short-answer test. ,supplementary,unclear,pending,"No directional prediction covers this specific interaction term. Wave 2: within-subjects interaction (F(2,238), numerator df=2), NOT reducible to a t-test.",second,study_47_result_02,"F(1, 119) = 4.98, p = .027, ηp² = .040",2x3 Mixed ANOVA,"F(2, 238) = 2.90, p = .057, ηp² = .024","F(2, 238) = 2.90, p = .057, ηp² = .024",Fully reproducible,TRUE,,"F(2, 238) = 2.90, p = .057, eta_p2 = .024",recomputed_from_author_spss_glm,mixed_anova,0.0569589309954774,=,omnibus,,,2.900201921865,2,238,,,,,63,58,121,,eta_p2,0.0237916088418292,,,data/raw/study_47/Outside_Assistance_Dataset.sav,Condition; PercentRember; PercentCorrectMC; PercentCorrectOE,SPSS GLM PercentRember PercentCorrectMC PercentCorrectOE BY Condition /WSFACTOR=factor1 3 Polynomial /WSDESIGN=factor1 /DESIGN=Condition,"testing condition by predicted-performance format interaction across free recall, multiple-choice, and short-answer predictions","Recomputed from the author's SPSS mixed GLM using listwise-complete cases on Condition, PercentRember, PercentCorrectMC, PercentCorrectOE. Within-subject levels are ordered as in the SPSS syntax: PercentRember, PercentCorrectMC, PercentCorrectOE. n_total = 121; Condition levels = 1; 2; group counts = 1:63; 2:58. Row 36 extracts the factor1 x Condition effect from Tests of Within-Subjects Effects, sphericity assumed.",study_47_recomputed.csv,36,study_47
study_49_claim_01,study_49,10.1177/00986283251325842,"On the final test of knowledge transfer, participants performed equally well on lectured and nonlectured questions.",primary,positive,ready,"Article reports a ONE-SIDED paired t-test (claim_01 p = .119; claim_02 p = .319). Directionality policy: sidedness follows the original published test, so the one-sided p is retained and compute_wave1_bayes_factors() computes a one-sided (order-restricted) Bayes factor, keeping p and BF on the same footing. Supersedes the earlier decision to convert this p to two-sided.",key,study_49_result_01,"t(27) = 1.20, p = .119, d = 0.23",Paired samples t-test,"t(27) = 1.20, p = .119, d = 0.23","t(27) = 1.20, p = .119, d = 0.23",Fully reproducible,TRUE,,"t(27) = 1.20, p = .119, d = 0.23",recomputed_from_raw_data_reporting_inconsistency_detected,paired_t_test,0.11936204599031028,=,one_sided,1.2048289933537484,27,,,,,,,,,,28,28,cohens_dz_paired,0.22769127776959364,0.17857142857142855,0.14821309045224676,data/raw/study_49/Qualtrics_Final_Test_Data_Jan_2024.csv,VIDEO_WRITTEN_AVG; NONVIDEO_WRITTEN_AVG,paired t-test: VIDEO_WRITTEN_AVG - NONVIDEO_WRITTEN_AVG,lectured content minus nonlectured content,"Recovered paired n, t, df, mean difference, SE and paired dz. The reported p matches one-sided p = 0.119362, not two-sided p = 0.238724. This row is flagged so the Bayesian layer does not silently treat the reported p as two-sided.",study_49_recomputed.csv,37,study_49
study_49_claim_02,study_49,10.1177/00986283251325842,"On the final test of knowledge transfer, participants performed equally well on lectured and nonlectured questions.",supplementary,positive,ready,"Article reports a ONE-SIDED paired t-test (claim_01 p = .119; claim_02 p = .319). Directionality policy: sidedness follows the original published test, so the one-sided p is retained and compute_wave1_bayes_factors() computes a one-sided (order-restricted) Bayes factor, keeping p and BF on the same footing. Supersedes the earlier decision to convert this p to two-sided.",second,study_49_result_02,"t(27) = 1.20, p = .119, d = 0.23",Paired samples t-test,"t(27) = 0.47, p = .319, d = 0.09","t(27) = 0.47, p = .319, d = 0.09",Fully reproducible,TRUE,,"t(27) = 0.47, p = .319, d = 0.09",recomputed_from_raw_data_reporting_inconsistency_detected,paired_t_test,0.3193609686229255,=,one_sided,0.4748365300745268,27,,,,,,,,,,28,28,cohens_dz_paired,0.08973566942757431,0.01098901103571428,0.02314272457931897,data/raw/study_49/Qualtrics_Final_Test_Data_Jan_2024.csv,VIDEO_MC_AVG; NONVIDEO_MC_AVG,paired t-test: VIDEO_MC_AVG - NONVIDEO_MC_AVG,lectured content minus nonlectured content,"Recovered paired n, t, df, mean difference, SE and paired dz. The reported p matches one-sided p = 0.319361, not two-sided p = 0.638722. This row is flagged so the Bayesian layer does not silently treat the reported p as two-sided.",study_49_recomputed.csv,38,study_49
study_51_claim_01,study_51,10.1177/14757257231197359,Students whose scientific memes were publicly shared reported higher levels of perceived learning.,primary,two_sided,ready,"Verified: reported key t=2.79 matches result_01 exactly. Checked Phase 1 hypothesis column: it is an open research question ('what were the overall student experiences...'), not a directional prediction -- keep two_sided rather than assuming positive from the results-describing Final claim text.",key,study_51_result_01,"t(100) = 2.79, p < .01, d = 0.55",Independent samples t-test,"t(100) = 2.79, p < .01, d = 0.55","t(100) = 2.79, p < .01, d = 0.55",Fully reproducible,TRUE,,"t(100) = 2.79, p < .01, d = 0.55",recomputed_from_raw_data,independent_t_test,0.00640275145451495,=,two_sided,2.7850391786323447,100,,,,,,,,54,48,102,25.41176470588235,cohens_d,0.5524766101358515,0.4467592592592591,0.16041399441951484,data/raw/study_51/Untitled3.sav,control0share1; knowledgeskills,"knowledgeskills ~ control0share1; Student independent-samples t-test, equal variances",public sharing condition minus closed control condition; control0share1 1 minus 0,"Recovered group sizes, t, df, exact p, pooled-SD d, mean difference and SE. Public n = 54; closed n = 48; public mean = 3.842593; closed mean = 3.395833.",study_51_recomputed.csv,39,study_51
study_51_claim_02,study_51,10.1177/14757257231197359,Students whose scientific memes were publicly shared reported higher levels of perceived learning.,supplementary,two_sided,ready,"RESOLVED -- there is no reporting inconsistency in the article. Table 2 of Clinton-Lisell & Kelly (2023) reports six t-tests; only the perceived-learning value carries a marker (2.79**) and the table note defines '** p < .01'. The Anxiety row reads -0.95 with NO marker, i.e. non-significant, with d = -0.19 and 95% CI [-0.58, 0.20]. The 'p < .01' recorded against this target came from Phase 2 extraction carrying the asterisk down from the row above; it is not in the article. Our recomputation (t(100) = -0.946875, p = .345985, d = -0.187750, public M = 2.030864, closed M = 2.215278) matches Table 2 exactly. Almuhanna marks it 'Fully reproducible'. Moved from pending to ready: Wave 1, equal-variance independent-groups t-test, two-sided published test.",second,study_51_result_02,"t(100) = 2.79, p < .01, d = 0.55",Independent samples t-test,"t(100) = -0.95, p < .01, d = -0.19","t(100) = -0.95, p < .01, d = -0.19",Fully reproducible,TRUE,,"t(100) = -0.95, d = -0.19, 95% CI [-0.58, 0.20] (Table 2; no significance marker)",recomputed_from_raw_data,independent_t_test,0.3459848212862602,=,two_sided,-0.9468752593737334,100,,,,,,,,54,48,102,25.41176470588235,cohens_d,-0.18783449709931843,-0.18441358024691337,0.19476016341253352,data/raw/study_51/Untitled3.sav,control0share1; anxiety,"anxiety ~ control0share1; Student independent-samples t-test, equal variances",public sharing condition minus closed control condition; control0share1 1 minus 0,"Recovered group sizes, t, df, exact p, pooled-SD d, mean difference and SE. Public n = 54; closed n = 48; public mean = 2.030864; closed mean = 2.215278.",study_51_recomputed.csv,40,study_51
study_53_claim_01,study_53,10.1037/stl0000306,"We found a consistent eye-level advantage; the video of the instructor at eye level, speaking directly to the camera, elicited higher ratings of instructor likeability, immediacy, and trust, and higher expectations of participating in class than did other videos",primary,two_sided,ready,"Verified: reported key t=3.29 matches result_01 exactly. Phase 1 hypothesis explicitly predicts an 'eye-level advantage' -- legitimate pre-specified direction, updated from two_sided to positive. [Directionality policy: the published significance test for this result is two-sided, so the Bayes factor is computed two-sided to match. The directional Phase 1 hypothesis is recorded but does not change the sidedness of the comparison; only study_20, whose authors ran a genuinely one-sided test, stays one-sided.]",key,study_53_result_01,"Verbal immediacy: t(246) = 3.29, p = .00, d = 0.42",Independent samples t-test,"t(246) = 3.29, p = .00, d = 0.42.","t(246) = 3.29, p = .00, d = 0.42.",Fully reproducible,TRUE,,"t(246) = 3.29, p = .00, d = 0.42",recomputed_from_raw_data,independent_t_test,0.00115012656411969,=,two_sided,3.289601859790326,246,,,,,,,,126,122,248,61.983870967741936,cohens_d,0.4178342063907556,0.24863387978142093,0.07558175438205417,data/raw/study_53/Study_1_SPSS.sav,Condition_string; filter_$; ImmediacyBehaviors_verbal,"ImmediacyBehaviors_verbal ~ Condition_string, filtered to filter_$ == 1; Student independent-samples t-test, equal variances",eye-level condition minus lecture-hall condition,"Recovered group sizes, t, df, exact p, pooled-SD d, mean difference and SE. Eye-level n = 126; lecture-hall n = 122; eye-level mean = 3.313725; lecture-hall mean = 3.065092.",study_53_recomputed.csv,41,study_53
study_53_claim_02,study_53,10.1037/stl0000306,"We found a consistent eye-level advantage; the video of the instructor at eye level, speaking directly to the camera, elicited higher ratings of instructor likeability, immediacy, and trust, and higher expectations of participating in class than did other videos",supplementary,two_sided,ready,"Verified: reported second t=2.79 matches result_02 exactly. Same pre-specified eye-level-advantage direction as claim_01. [Directionality policy: the published significance test for this result is two-sided, so the Bayes factor is computed two-sided to match. The directional Phase 1 hypothesis is recorded but does not change the sidedness of the comparison; only study_20, whose authors ran a genuinely one-sided test, stays one-sided.]",second,study_53_result_02,"Verbal immediacy: t(246) = 3.29, p = .00, d = 0.42",Independent samples t-test,"t(246) = 2.79, p = .01, d = 0.35","t(246) = 2.79, p =.01, d = 0.35",Fully reproducible,TRUE,,"t(246) = 2.79, p = .01, d = 0.35",recomputed_from_raw_data,independent_t_test,0.00563382702166837,=,two_sided,2.792941037337401,246,,,,,,,,126,122,248,61.983870967741936,cohens_d,0.35475001278921603,0.2802143211979278,0.10032947973189756,data/raw/study_53/Study_1_SPSS.sav,Condition_string; filter_$; Likeability_Measure,"Likeability_Measure ~ Condition_string, filtered to filter_$ == 1; Student independent-samples t-test, equal variances",eye-level condition minus lecture-hall condition,"Recovered group sizes, t, df, exact p, pooled-SD d, mean difference and SE. Eye-level n = 126; lecture-hall n = 122; eye-level mean = 5.430736; lecture-hall mean = 5.150522.",study_53_recomputed.csv,42,study_53
study_55_claim_01,study_55,10.1177/14757257241301733,Performance on a final test was better in the mastery quiz condition relative to the comparison quiz conditions.,primary,unclear,pending,"Verified: reported key F(3,79.57)=35.64 matches result_01 exactly (article's own BF10=2.06e8 retained as metadata only, not independently recomputed). Wave 2: Welch one-way ANOVA (4 groups), needs a heteroscedastic raw-data Bayesian model.",key,study_55_result_01,"F(3, 79.57) = 35.64, p < .001, ω² = .273, BF₁₀ = 2.06 × 10⁸",Welch's one way ANOVA,"F(3, 79.57) = 35.64, p < .001, ω² = .273, BF₁₀ = 2.06 × 10⁸","F(3, 79.57) = 35.64, p < .001, ω² = .273, BF₁₀ = 2.06 × 10⁸",Fully reproducible,TRUE,,"F(3, 79.57) = 35.64, p < .001, omega2 = .273, BF10 = 2.06e8",recomputed_from_author_experiment_1_cleaned_data,welch_anova,1.0526584661919701e-14,<,omnibus,,,35.642055991156,3,79.568550633398,,,,,,,154,,omega2,0.272540516175545,,,data/raw/study_55/MQ_Exp_1_data_removed_failed_mastery_Ss_and_timed_out.csv,Condition; Final Test Score,"Welch one-way ANOVA: Final Test Score ~ Condition, var.equal = FALSE","Experiment 1 final test performance differs across one quiz, two quizzes, three quizzes, and mastery quizzing","Recomputed from the author's Experiment 1 cleaned data file with failed-mastery participants and timed-out participants removed. The analysis uses only Condition and Final Test Score; additional summary columns in the CSV are ignored. Welch's one-way ANOVA gives F(3, 79.568551) = 35.642056, p = 1.05266e-14. Omega squared is computed from the ordinary one-way ANOVA sums of squares, matching the article's reported omega2. Group summaries: one: n=38, M=7.447368, SD=1.703690; two: n=40, M=6.575000, SD=1.795828; three: n=38, M=7.105263, SD=2.251600; mastery: n=38, M=9.473684, SD=1.006381. Reported BF10 = 2.06e8 is retained as article metadata but is not recomputed here.",study_55_recomputed.csv,43,study_55
study_60_claim_01,study_60,10.1177/00986283211043779,Participants reported greater expected engagement and field belonging and had more positive impressions of the instructor when the syllabus included ISCs compared to the control syllabus.,primary,two_sided,pending,"Phase 1 hypothesis explicitly predicts higher field belonging/engagement/course interest for the ISC syllabus -- legitimate pre-specified direction, updated from two_sided to positive. Wave 2: factorial ANOVA (F(1,322), numerator df=1, winsorised primary spec), candidate for a t-equivalent Bayes factor once reviewed. [Directionality policy: the published significance test for this result is two-sided, so the Bayes factor is computed two-sided to match. The directional Phase 1 hypothesis is recorded but does not change the sidedness of the comparison; only study_20, whose authors ran a genuinely one-sided test, stays one-sided.]",key,study_60_result_01,"F(1, 322) = 5.17, p = .02, ηp² = .02",2×2 between-subjects factorial ANOVA,"F(1, 322) = 5.17, p = .02, ηp²  = .02","F(1, 322) = 5.17, p = .02, ηp²  = .02",Fully reproducible,TRUE,,"Expected field belonging: F(1, 322) = 5.17, p = .02, eta_p2 = .02",recomputed_from_author_spss_unianova,factorial_between_anova,0.02364995293670567,=,omnibus,,,5.169119765850352,1,322,,,,,163,163,326,,eta_p2,0.01579953441067362,0.12065439672801626,,data/raw/study_60/Syllabus_Safety_Cues_Instructor_Gender_Data_Sp21_OSF.sav,IV_profgender; IV_safetycues; fieldexp_1-fieldexp_9; fieldexp_4 reverse-coded; exact nearest-observed 3-SD winsorization,fieldbelong_exact_winsorized ~ IV_profgender * IV_safetycues; Type-III SPSS UNIANOVA logic with sum contrasts,identity-safety-cue syllabus versus control syllabus on expected social-psychology field belonging,"The article result is reproduced by reconstructing the nine-item composite, reverse-scoring fieldexp_4 as 6-fieldexp_4, and replacing the two values beyond three SD with the nearest observed non-outlier values (participant 320: 2 to 2.333333333333; participant 128: 5 to 4.888888888889). Result: F(1, 322) = 5.169119765850, p = 0.0236499529367, eta_p2 = 0.015799534411. Control n = 163, safety n = 163; control M = 3.472392638037, safety M = 3.593047034765. The separate SPSS screenshot used the un-winsorized composite and therefore shows F = 5.320573648228 rather than the article's F = 5.17.",study_60_recomputed.csv,44,study_60
study_60_claim_02,study_60,10.1177/00986283211043779,Participants reported greater expected engagement and field belonging and had more positive impressions of the instructor when the syllabus included ISCs compared to the control syllabus.,supplementary,two_sided,pending,"Same pre-specified hypothesis as claim_01 (more positive impressions of instructor). Same design/model requirement. [Directionality policy: the published significance test for this result is two-sided, so the Bayes factor is computed two-sided to match. The directional Phase 1 hypothesis is recorded but does not change the sidedness of the comparison; only study_20, whose authors ran a genuinely one-sided test, stays one-sided.]",second,study_60_result_02,"F(1, 322) = 5.17, p = .02, ηp² = .02",2×2 between-subjects factorial ANOVA,"F(1, 322) = 42.95, p < .001, ηp²  = .12","F(1, 322) = 42.95, p < .001, ηp²  = .12",Fully reproducible,TRUE,,"Inclusive classroom impression: F(1, 322) = 42.95, p < .001, eta_p2 = .12",recomputed_from_author_spss_unianova,factorial_between_anova,2.2266005311121752e-10,<,omnibus,,,42.951850798082866,1,322,,,,,163,163,326,,eta_p2,0.11769182894717488,12.791411042944771,,data/raw/study_60/Syllabus_Safety_Cues_Instructor_Gender_Data_Sp21_OSF.sav,IV_profgender; IV_safetycues; include_1; author-saved processed inclusive-classroom score,include_1 ~ IV_profgender * IV_safetycues; Type-III SPSS UNIANOVA logic with sum contrasts,identity-safety-cue syllabus versus control syllabus on perception that the professor is trying to create an inclusive classroom environment,"The author-saved include_1 variable reproduces the article and SPSS output: F(1, 322) = 42.951850798083, p = 2.22660053111e-10, eta_p2 = 0.117691828947. Control n = 163, safety n = 163; control M = 77.656441717791, safety M = 90.447852760736. The distributed SAV contains the processed include_1 values, so the original pre-winsorization observation cannot be recovered from this file alone.",study_60_recomputed.csv,45,study_60
