ID,DOI,Journal,Country where corresponding author's university is based in,Claim trace: Title ,Claim trace: Abstract ,Claim trace: Hypothesis ,Claim trace: Result,Key claim (AI) ,Key result (AI),Author1 and AI in agreement?,Time taking to report claim trace and corroborate with AI,Author 2 needed?,Author 2 claim,Author 2 result,Arbitration needed?,"Which claim&result was chosen? (Author1,AI,Author2)",Final claim,Final result
1,10.1177/14757257241302565,Psychology Learning and Teaching,Singapore,Creating a Dot-Counting Single-Subject Design Tutorial,The quantitative results indicated that most students found the tutorial highly beneficial.,"(I did not spot an explicit hypothesis that maps directly to the statistical result. I therefore quoted the closest equivalent I found (e.g., aim/RQ) verbatim to map to the results): Here, we developed an experiential SSD tutorial designed for online delivery and evaluated its pedagogical effectiveness.","M = 4.61, SD = 0.52","Among the 59 students who contributed feedback and gave consent for publication, results revealed that these students found the tutorial activity useful in understanding SSDs.","M = 4.61, SD = 0.52",yes,9,no,,,no,,The quantitative results indicated that most students found the tutorial highly beneficial.,"M= 4.6, SD=0.52"
2,10.1177/1475725720971205,Psychology Learning and Teaching,Germany,Online Quizzes with Closed Questions in Formal Assessment: How Elaborate Feedback can Promote Learning,The results showed that students scored higher in Session 2 if elaborate feedback had been provided in Session 1,"According to the theorizing above in terms of enhanced metacognitive awareness and conceptual-change processes, elaborate feedback should be more potent than corrective feedback in fostering learning.","F(1, 495) = 87.87, p < .001, ηp² = .151","Critically, percentage correct in Session 2 was higher if elaborate feedback was provided in Session 1 compared to corrective feedback, as indicated by a main effect of feedback type.","F(1, 495) = 87.87, p < .001,  ηp² = .151",yes,24,no,,,no,,The results showed that students scored higher in Session 2 if elaborate feedback had been provided in Session 1,"F(1, 495) = 87.87, p < .001, ηp² = .151"
3,10.1037/stl0000432,Scholarship of Teaching and Learning in Psychology,USA,Can syllabus snapshots predict student perceptions of course and instructor? ,"No significant differences existed in most student perceptions of instructor and course, but students who viewed the syllabus snapshot saw the instructor as less difficult, also indicating they would be more likely to take the course and recommend it to others.",We hypothesized a quantitative interaction: that each snapshot itself (a main effect of the syllabus and instructor snapshots) would lead to more positive perceptions of the instructor and course,"F(3, 164) = 0.78, p = .51, Wilks’ λ = .99, ηp² = .01","Students who received the syllabus snapshot (compared to those who did not) indicated they would be more willing to take the class, would recommend the class to others, and were less likely to see the professor as a hard instructor.”","U = 2,797.50, z = −2.59, p = .001",no,26,yes,"No significant differences existed in most student perceptions of instructor and course, but students who viewed the syllabus snapshot saw the instructor as less difficult, also indicating they would be more likely to take the course and recommend it to others.","F(3, 164) = 2.14, p = .10, Wilks’ λ= .96,  ηp²= .04",yes,Author 2,"No significant differences existed in most student perceptions of instructor and course, but students who viewed the syllabus snapshot saw the instructor as less difficult, also indicating they would be more likely to take the course and recommend it to others.","F(3, 164) = 2.14, p = .10, Wilks’ λ= .96, ηp²= .04."
4,10.1177/00986283251339407,Teaching of Psychology,USA,"Practice Still Makes Proficient: A Replication of Kershaw et al. (2018, 2023; Kershaw & Gordon, 2024) Using an Alternate Form of the Journal Article Comprehension Assessment ","The current results also replicate past research showing overall improvement, that improvement is not just a practice effect, and that improvement can occur with only a few practice opportunities.",Giving the same assessment at pretest and posttest has been done in other studies that have found improvement in research comprehension ,"F(1, 121) = 14.13, p < .001, ηp² = .11.","Between pretest and posttest, all groups improved in research article comprehension, as shown through mean score improvements across time on the JAC.","F(1, 121) = 14.13, p < .001,  ηp² = .11.",yes,13,no,,,no,,"The current results also replicate past research showing overall improvement, that improvement is not just a practice effect, and that improvement can occur with only a few practice opportunities.","F(1, 121) = 14.13, p < .001, ηp² = .11."
5,10.1037/stl0000136,Scholarship of Teaching and Learning in Psychology,USA,"What Do Students Remember About Introductory Psychology, Years Later?","In a retest of items from their first midterm, students showed high performance (70% correct) compared to previous studies, with psychology students (majors and minors) showing better performance than nonpsychology students (81% vs. 69%)...","Based on previous findings, we expected that students would forget considerable content in the years since taking the course, and thus perform worse on the retest than on the original","F(1, 153) = 62.42, p < .001, Mdiff = 18.3%, η²= .12","In a retest of items from their first midterm, students showed high performance (70% correct) compared to previous studies, with psychology students (majors and minors) showing better performance than nonpsychology students (81% vs. 69%), d  .74. ","t(154) = 3.26, p < .001, d = 0.74",no,14,yes,"Abstract: In a retest of items from their first midterm, students showed high performance (70% correct) compared to previous studies, with psychology students (majors and minors) showing better performance than nonpsychology students (81% vs. 69%), d .74.","F(1, 153) 7.73, p .01, η²=.02",yes,AI,"In a retest of items from their first midterm, students showed high performance (70% correct) compared to previous studies, with psychology students (majors and minors) showing better performance than nonpsychology students (81% vs. 69%), d  .74. ","t(154) = 3.26, p < .001, d = 0.74"
6,10.1177/14757257241295302,Psychology Learning and Teaching,USA,Strengthening Online Psychology Students’ Sense of Belonging with Social Annotation: An Experimental Study,"Sense of belonging was significantly higher in the social annotation condition, particularly for the introductory-level psychology course, and students reported positive perceptions of social annotation.","it follows that students’ feelings of connectedness and acceptance (i.e., belonging) may be strengthened through using social annotation. "," (p < .001, ηp² = .288)",Sense of belonging was significantly higher in the social annotation condition than the individual annotation condition for the PSYC 111 students," (p < .001,  ηp² = .288)",yes,8,no,,,no,,"Sense of belonging was significantly higher in the social annotation condition, particularly for the introductory-level psychology course, and students reported positive perceptions of social annotation."," (p < .001, ηp² = .288)"
7,10.1037/stl0000177,Scholarship of Teaching and Learning in Psychology,UK,Using StatHand to Train Structural Awareness and Promote the Development of Statistic Selection Skills,"Specifically, trained undergraduate psychology students (n  50) outperformed an untrained control group (n  52) on 5 measures of structural awareness (performance on 2 sets of triad judgment tasks, 2 sets of explanation tasks, and a scenario generation task) immediately following training, and again 1 week later ( 0.71 to 1.60). "," We hypothesized that, compared to untrained students, trained students would perform better on five tasks reflecting structural awareness",BF₁₀ = 2.88 × 10¹⁰,Participants in the training condition outperformed participants in the control condition on all five measures of structural awareness immediately following training (or the control task) and again 1 week later.,BF₁₀ = 2.88 × 10¹⁰,yes,23,no,,,no,,"Specifically, trained undergraduate psychology students (n  50) outperformed an untrained control group (n  52) on 5 measures of structural awareness (performance on 2 sets of triad judgment tasks, 2 sets of explanation tasks, and a scenario generation task) immediately following training, and again 1 week later ( 0.71 to 1.60). ",BF₁₀ = 2.88 × 10¹⁰
8,10.1177/14757257221077307,Psychology Learning and Teaching,Netherlands,Combine Statistical Thinking With Open Scientific Practice: A Protocol of a Bayesian Research Project ,"(Abstract talks about design and study aims, not a claim that can be linked to the result replicated. The claim has been chosen from the main text in this case): The result suggests extreme evidence (i.e., BFr0 = 1884) in favour of the hypothesis that people recognize their psychological personality description more reliably than their astrological personality description.", The ordinal hypothesis Hr that the success probability for psychological personality descriptions is higher than that for astrological personality descriptions. ,BFr₀ = 1884 ,"Given our data and the prior knowledge provided by the Wyman and Vyse study, the result suggests extreme evidence (i.e., BFr₀ = 1884) in favour of the hypothesis that people recognize their psychological personality description more reliably than their astrological personality description.",BFr₀ = 1884 ,yes,7,no,,,no,,"(Abstract talks about design and study aims, not a claim that can be linked to the result replicated. The claim has been chosen from the main text in this case): The result suggests extreme evidence (i.e., BFr0 = 1884) in favour of the hypothesis that people recognize their psychological personality description more reliably than their astrological personality description.",BFr₀ = 1884 
9,10.1177/14757257221101942,Psychology Learning and Teaching,USA,Teaching Research in Principle and in Practice: What Do Psychology Instructors Think of Research Projects in Their Courses?,"Notably, the characteristics of these typical student projects did not align with the qualities instructors reported as being important in research practice.","(I did not spot an explicit hypothesis that maps directly to the statistical result. I therefore quoted the closest equivalent I found (e.g., aim/RQ) verbatim to map to the results): To investigate instructors’ intuitions about student-led projects, both in terms of their agreement with the commonly assumed pitfalls of student research described above and their opinions about what is important. ",8% of students...were reported to...engage in these...practices,"Notably, the characteristics of these typical student projects did not align with the qualities instructors reported as being important in research practice.(Abstract)",Only 8% of students were reported to engage in open data practices,yes,6,no,,,no,,"Notably, the characteristics of these typical student projects did not align with the qualities instructors reported as being important in research practice.",8.08 percent
10,10.1037/stl0000338,Scholarship of Teaching and Learning in Psychology,Canada,Indicators of Student Well-Being in Canadian Undergraduates Before and During the COVID-19 Pandemic ,"Importantly, however, comparing measures collected before and during the pandemic, we found no significant differences in reports of self-esteem, self-efficacy, optimism, and life satisfaction, and even a significant pandemic-related improvement in somatic symptoms of psychological distress and social dysfunction.","(I did not spot an explicit hypothesis that maps directly to the statistical result. I therefore quoted the closest equivalent I found (e.g., aim/RQ) verbatim to map to the results):  (b) to examine if there were pandemic-related changes in students’ selfesteem, self-efficacy, optimism, and life satisfaction, in order to gain further insight into how the pandemic has impacted students’ experiences","F(2, 1,043) = 103.50, p < .001","This suggests that pandemic-related disruptions have had selective effects on students’ experiences. It is heartening that important aspects of personal experience, such as self-esteem, self-efficacy, optimism, and life satisfaction, have been spared by pandemic-related disruptions, and suggests that some symptoms of psychological distress and social dysfunction have actually decreased relative to prepandemic times","F(2, 1,043) = 103.50, p < .001",yes,21,no,,,no,,"Importantly, however, comparing measures collected before and during the pandemic, we found no significant differences in reports of self-esteem, self-efficacy, optimism, and life satisfaction, and even a significant pandemic-related improvement in somatic symptoms of psychological distress and social dysfunction.","F(2, 1,043) = 103.50, p < .001"
11,10.1177/14757257241239622,Psychology Learning and Teaching,Germany,Student-Perceived Supervisor Motivation and Grade Pressure as Predictors of German Psychology Students’ Thesis Motivation,"The results indicate that, as hypothesized, high student-perceived supervisor motivation is associated with higher motivation components and less stress.","In turn, there are reasons to assume that the external influences experienced by students, such as grade pressure and perceptions of their supervisor's motivation, should affect the motivation components in specific ways...","B = .33, SE = .05, p < .001.","The results indicate that, as hypothesized, high student-perceived supervisor motivation is associated with higher motivation components and less stress. Grade pressure is associated with higher valence, but also more stress","B = .33, SE = .05, p < .001.",yes,11,no,,,no,,"The results indicate that, as hypothesized, high student-perceived supervisor motivation is associated with higher motivation components and less stress. ","B = .33, SE = .05, p < .001."
12,10.1177/00986283241279402,Teaching of Psychology,USA,Does Lecture Style Matter in Asynchronous Online Interteaching?,There were no significant differences in exam scores across the three conditions. ,"That is, we wanted to replicate a comparison between IT with and without a clarifying lecture in an online asynchronous format to see if we would reproduce the finding that IT with a clarifying lecture leads to higher exam scores than IT without a clarifying lecture","F(2, 226) = 1.97, p = .14, ηp² = 0.02.",There were no significant differences in exam scores across the three conditions. ,"t(115) = 1.77, p = .04, d = 0.16.",no,9,yes,There were no significant differences in exam scores across the three conditions,"F(2, 228)= 0.52, p = .60, ηp² = 0.01",yes,AI,There were no significant differences in exam scores across the three conditions. ,"t(115) = 1.77, p = .04, d = 0.16."
13,10.1177/00986283221142016,Teaching of Psychology,USA,Experimental Evaluation of Implicit Bias Education in the College Classroom,"The bias education intervention increased objective and subjective knowledge of bias and multicultural competence, awareness of one's own bias, and behavioral intentions to reduce bias.","We hypothesized that the bias education intervention would increase objective and subjective knowledge of bias, awareness of one's own bias, internal motivation to respond without prejudice, and behavioral intentions to reduce bias.","tₛₐₜ(455.40) = 14.45, p < .0005, d = 1.35","Educating college students about implicit bias increased objective and subjective knowledge of bias and multicultural competence, awareness of one’s own bias, and behavioral intentions to reduce bias","tₛₐₜ(455.40) = 14.45, p < .0005, d = 1.35",yes,6,no,,,no,,"The bias education intervention increased objective and subjective knowledge of bias and multicultural competence, awareness of one's own bias, and behavioral intentions to reduce bias.","tₛₐₜ(455.40) = 14.45, p < .0005, d = 1.35"
14,10.1177/1475725719859453,Psychology Learning and Teaching,USA ,"Perceived Need for Reform in Field-Wide Methods and the Teaching of Replication, Interpretation, and Transparency","Perceived need for reform and number of student researchers supervised/year correlated with teaching these issues, suggesting that those who believe more change is needed in psychology research and are more involved in shaping the next generation of psychology researchers are more likely to discuss replication and reform in their courses.","(I did not spot an explicit hypothesis that maps directly to the statistical result. I therefore quoted the closest equivalent I found (e.g., aim/RQ) verbatim to map to the results):  Provide insight into academic psychologists’ perceptions of how much reform is still needed in psychology research and their teaching of replication, interpretation, and transparency","r(56) = .46, p < .001","Perceived need for reform and number of student researchers supervised/year correlated with teaching these issues, suggesting that those who believe more change is needed in psychology research and are more involved in shaping the next generation of psychology researchers are more likely to discuss replication and reform in their courses.”","replication: r(56) = .46, p < .001",yes,13,no,,,no,,"Perceived need for reform and number of student researchers supervised/year correlated with teaching these issues, suggesting that those who believe more change is needed in psychology research and are more involved in shaping the next generation of psychology researchers are more likely to discuss replication and reform in their courses. ","r(56) = .46, p < .001"
15,10.1177/1475725720965363,Psychology Learning and Teaching,Germany,Using Day and Night – Scheduling Retrieval Practice and Sleep,"The immediate practice test leads to higher recall in the final test in comparison to a delayed practice test, but only for the sleep group.","Consequently, we would not expect a difference in forgetting between the wakefulness and sleep group when delayed testing is in place. On the other hand, the sleep benefit over wakefulness would occur in the immediate testing condition because no additional boost for the wakefulness group occurs here.","F(1, 53) = 6.15, p = .02, ηp² = .10.","The immediate practice test leads to higher recall in the final test in comparison to a delayed practice test, but only for the sleep group.","F(1, 53) = 6.15, p = .02,  ηp² = .10.",yes,25,no,,,no,,"The immediate practice test leads to higher recall in the final test in comparison to a delayed practice test, but only for the sleep group. ","F(1, 53) = 6.15, p = .02, ηp² = .10."
16,10.1177/00986283241235667,Teaching of Psychology,USA,Availability and Perceived Importance of High-Impact Practices for Psychology Graduate Program Admission,Only undergraduate research was rated as very important and strongly increases admission chances.,"(I did not spot an explicit hypothesis that maps directly to the statistical result. I therefore quoted the closest equivalent I found (e.g., aim/RQ) verbatim to map to the results): (2) Which HIPs are perceived as relevant for graduate program admission success by the individuals who make admission decisions?"," M = 4.47, SD = 0.74","Undergraduate research was again the most influential HIP, increasing chances of admission strongly.","M = 2.58, SD = 0.72",no,10,yes,"Of all HIPs, only undergraduate research was rated as very important …","M = 4.47, SD = 0.74",no,,Only undergraduate research was rated as very important and strongly increases admission chances.,"M = 4.47, SD = 0.74"
17,10.1177/00986283211013842,Teaching of Psychology,USA,"“Oh, the Places You Can Go” Gen Z Psychology Students’ Perceived Career Options and Interests",Study 1 revealed careers perceived as available to psychology graduates were most often in counseling (92%),We predicted that students would likely generate far fewer career options than the hundreds of psychology-related careers listed ,0.92,"Psychology majors had significantly greater interest, on average, for all psychology-related careers than non-psychology majors."," t(431) = 4.27, p < .0001, d = 0.55",no,8,yes,"Study 2 revealed psychology majors were most interested in counseling and child-related careers, with 18 of their top 20 careers of interest involving mental health or working with children.",Confirm Psych Major means for all careers re consistent with the LH side of Table 2. ,yes,Author 2,"Study 2 revealed psychology majors were most interested in counseling and child-related careers, with 18 of their top 20 careers of interest involving mental health or working with children.",Confirm Psych Major means for all careers re consistent with the LH side of Table 2. 
18,10.1177/00986283221130298,Teaching of Psychology,UK,Does “Psychological Literacy” Feature in Non-Psychology Degrees? A Cross-Discipline Study of Student Perceptions,"Psychology students reported significantly higher perceived prominence of psychological literacy attributes in their degree, compared with Humanities and non-Psychology STEM students, in all but two of the psychological literacy attributes","Therefore, we predicted that psychology undergraduates will perceive psychological literacy attributes to be more prominent in their degree (characterized as higher awareness, more opportunity to develop them, more confidence in defining the terms, and higher value) compared with other students.","F(16, 574) = 36.66, p < .001, Pillai’s Trace = 1.011, ηp² = .505","Overall, we found that psychology students reported significantly higher perceived prominence of attributes that comprise psychological literacy, compared to both humanities and non-psychology STEM students, in the majority of the attributes.”"," F(16, 574) = 36.66, p < .001, Pillai’s Trace = 1.011, ηp² = .505.",yes,6,no,,,no,,"Psychology students reported significantly higher perceived prominence of psychological literacy attributes in their degree, compared with Humanities and non-Psychology STEM students, in all but two of the psychological literacy attributes."," F(16, 574) = 36.66, p < .001, Pillai’s Trace = 1.011, ηp²= .505."
19,10.1177/00986283211061204,Teaching of Psychology,Germany,The Testing Effect in University Teaching: Using Multiple-Choice Testing to Promote Retention of Highly Retrievable Information,"In the criterial test, practicing retrieval was not superior to reading summarizing statements in general but a testing effect emerged for questions that targeted information that participants could easily retrieve from memory.","Higher retrievability rates and more corrective feedback are associated with more pronounced testing effects, respectively.","z = 1.97, p = .024 (one-tailed), OR = 1.88, 95% CI [1.00, 3.53]",A testing effect emerged for questions that targeted information that participants could easily retrieve from memory.,"z = 1.97, p = .024 (one-tailed), OR = 1.88, 95% CI [1.00, 3.53]",yes,18,no,,,no,,"In the criterial test, practicing retrieval was not superior to reading summarizing statements in general but a testing effect emerged for questions that targeted information that participants could easily retrieve from memory.","z = 1.97, p = .024 (one-tailed), OR = 1.88, 95% CI [1.00, 3.53]"
20,10.1177/14757257221098860,Psychology Learning and Teaching,Germany,Mechanisms of Epistemic Change: The Roles of Reflection and Social Interaction.,Results showed that reflection and social interaction might be promising strategies to address epistemic doubt.,"We expected that an intervention including the reflection (R) and social interaction (RSI) components would lead to stronger epistemic change compared to a control intervention (C), and compared to an intervention only targeting epistemic doubt and epistemic volition (DV)"," ((MDV + MR + MRSI)/3 – MC = .372, SE = .183, p = .021; one-sided test)","Epistemic change was significantly higher across the DV, RSI and R conditions compared to the C condition"," ((MDV + MR + MRSI)/3 – MC = .372, SE = .183, p = .021; one-sided test)",yes,11,no,,,no,,Results showed that reflection and social interaction might be promising strategies to address epistemic doubt.," ((MDV + MR + MRSI)/3 – MC = .372, SE = .183, p = .021; one-sided test)"
21,10.1177/0098628318762900,Teaching of Psychology,USA,How (and Whether) to Teach Undergraduates About the Replication Crisis in Psychological Science,"Pre- and post-lecture surveys suggest that the lecture serves as an excellent pedagogical tool. Following the lecture, students trusted psychological studies slightly less but saw greater similarities between psychology and natural science fields.","(I did not spot an explicit hypothesis that maps directly to the statistical result. I therefore quoted the closest equivalent I found (e.g., aim/RQ) verbatim to map to the results): However, the question of whether students can fully comprehend the nature of the replication crisis must be dealt with prior to addressing the practical question of whether to involve undergraduates in replication attempts. Thus, we set out to fill this void by developing an effective, up-to-date, and balanced treatment of the replication crisis with a full lecture script and prepackaged 1-hr PowerPoint presentation. We then tested its efficacy at both a large research university with very large class sizes and a mid-sized liberal arts college with very small class sizes.","Pre-lecture: M = 5.31, SD = 0.96 , Post-lecture: M = 4.94, SD = 1.10, d = −0.36 , p < .001","Following the lecture, students trusted psychological studies slightly less but saw greater similarities between psychology and natural science fields.""","Pre-lecture: M = 5.31, SD = 0.96 , Post-lecture: M = 4.94, SD = 1.10, d = −0.36 , p < .001",yes,20,no,,,no,,"Following the lecture, students trusted psychological studies slightly less but saw greater similarities between psychology and natural science fields. ","Pre-lecture: M = 5.31, SD = 0.96 , Post-lecture: M = 4.94, SD = 1.10, d = −0.36 , p < .001"
22,10.1177/14757257231163482,Psychology Learning and Teaching,Germany,Combining a Direct and Indirect Training Approach for Cross-Domain Competences: The Case of the Course “Pedagogy for Psychotherapists,"The combined training approach led to significant increases in declarative knowledge, advanced epistemic beliefs, and greater self-efficacy in implementing strategies relating to multiple document literacy and argumentative thinking.","(I did not spot an explicit hypothesis that maps directly to the statistical result. I therefore quoted the closest equivalent I found (e.g., aim/RQ) verbatim to map to the results): Considering the shortcomings of direct and indirect training approaches, combining both approaches could prove effective for fostering cross-domain competences and their application and transfer to domain-specific knowledge.","F(1, 23) = 50.76, p < .001, ηp² = .688","Students scored higher on all four declarative knowledge tests (about epistemic beliefs, MDL, argumentative thinking, and domain-specific knowledge) after the training than they had before, with very high effect sizes.","F(1, 23) = 50.76, p < .001,  ηp² = .688",yes,25,no,,,no,,"The combined training approach led to significant increases in declarative knowledge, advanced epistemic beliefs, and greater self-efficacy in implementing strategies relating to multiple document literacy and argumentative thinking.","F(1, 23) = 50.76, p < .001, ηp² = .688"
23,10.1177/00986283221111749,Teaching of Psychology,USA,Not Quite on the Same Page: Comparing Key Terms in Introductory Psychology Textbooks,Coverage of psychology topics differed significantly across textbooks with 2766 terms (71%) unique to a single textbook. ,"(I did not spot an explicit hypothesis that maps directly to the statistical result. I therefore quoted the closest equivalent I found (e.g., aim/RQ) verbatim to map to the results): We tested Quereshi’s (1993) hunch that consistency would increase, a possibility made more likely by pressure from reviewers (i.e., potential adopters), driving publishers to make authors be consistent.",2766 terms (71%),"Our analysis identified 3878 total key terms. Most key terms were found in only one textbook, while a very small minority of terms were common across all five textbooks.",2766 terms (71%) were unique to only a single textbook,yes,5,no,,,no,,Coverage of psychology topics differed significantly across textbooks with 2766 terms (71%) unique to a single textbook. ,2766 terms (71%) were unique to only a single textbook
24,10.1177/14757257241276078,Psychology Learning and Teaching,Germany,"Students Follow Structured Guidance in an Asynchronous Online-Only Course, Despite Diverging Preferences",Students preferring structured guidance and students following it in asynchronous online-only courses reported higher intrinsic motivation than students with diverging preferences and study behavior.,Students who prefer the structured guidance in asynchronous online-only courses will follow it more often than students preferring free access.,"t(157) = −4.55, p < .001, d = −.736",Students preferring structured guidance and students following it in asynchronous online-only courses reported higher intrinsic motivation than students with diverging preferences and study behavior.,"t(152) = 2.66, p = .009, d = .476",no,13,yes,Students Follow Structured Guidance in an Asynchronous Online-Only Course,Study 2 Results: While the majority of students (54.7%) rarely (never or only once) showed such omitting behavior…,yes,Author 1,Students preferring structured guidance and students following it in asynchronous online-only courses reported higher intrinsic motivation than students with diverging preferences and study behavior.,"t(157) = −4.55, p < .001, d = −.736"
25,10.1177/1475725717700516,Psychology Learning and Teaching,Germany,Developing a Drawing Task to Differentiate Group Average Time Course vs. Dynamics in the Individual,Students who worked on the individual-time-course vignette first did not draw better average curves than those undertaking the reverse order of tasks,"Therefore, in this study we explored whether drawing a hypothetical learning curve of an individual as a first task (individual-time-course task) would help psychology students to draw a more plausible learning curve averaged over a hundred individuals as a second task (average-of-hundred task).","t(78) = 0.66, p = 0.51",Having to consider a hypothetical time course of an individual as prior task did not robustly improve the quality of the average learning curve representations.,"t(78) = 0.66, p = 0.51",yes,14,no,,,no,,Students who worked on the individual-time-course vignette first did not draw better average curves than those undertaking the reverse order of tasks,"t(78) = 0.66, p = 0.51"
26,10.1177/00986283221108129,Teaching of Psychology,USA,Making Psychology’s Hidden Figures Visible Using Open Educational Resources: A Replication and Extension Study,Follow-up recognition significantly improved for all pioneer groups.,Students’ follow-up recognition rates for pioneers across all groups (including women and pioneers of color) are expected to improve," z = -6.155, p < .001, r = -.87","Despite the initially low recognition of marginalized pioneers, recognition significantly improved for women and pioneers of color, and this was likely related to exposure to a more diverse and inclusive course curriculum.","women: z = -6.155, p < .001, r = -.87",yes,9,no,,,no,,Follow-up recognition significantly improved for all pioneer groups. ,"women: z = -6.155, p < .001, r = -.87"
27,10.1177/00986283211065746,Teaching of Psychology,USA,Implementing the Fast Friends Procedure to Build Camaraderie in a Remote Synchronous Teaching Setting ,Undergraduate and graduate students reported having a positive experience and building connections from the procedure.,"(I did not spot an explicit hypothesis that maps directly to the statistical result. I therefore quoted the closest equivalent I found (e.g., aim/RQ) verbatim to map to the results): This makes the Fast Friends procedure a type of icebreaker that could have benefits for increasing student connection and engagement and is a type of icebreaker that could be administered in person or remotely with similar effectiveness.","Undergraduate mean: M = 4.80, SD = 0.41 / Graduate mean: M = 4.88, SD = 0.35 ",Made me feel closer to my classmate One-sample t-test Effect size: d = 5.65 p < .001,Made me feel closer to my classmate One-sample t-test Effect size: d = 5.65 p < .001,no,17,yes,Undergraduate and graduate students reported … building connections from the procedure,"d= 1.8, p < .001",yes,AI,Made me feel closer to my classmate One-sample t-test Effect size: d = 5.65 p < .001,d = 5.65 p < .001
28,10.1177/00986283211056074,Teaching of Psychology,USA,Comparing Undergraduate Student Participation in Online Discussion Boards Hosted on Reddit and Canvas,There was no difference between platforms in total number of posts or replies.,We hypothesized that students using Reddit would post and/or reply more often,"F(1, 76) = 0.03, p = .87, ηp² < .01",This study provided no consistent evidence that Reddit supports student engagement relative to Canvas...,"F(1, 76) = 0.03, p = .87, ηp² < .01",yes,6,no,,,no,,There was no difference between platforms in total number of posts or replies.,"F(1, 76) = 0.03, p = .87, ηp² < .01"
29,10.1177/0098628319888087,Teaching of Psychology,USA,Are “Associate Professors” Better Than “Associate Teaching Professors”? Student and Faculty Perceptions of Faculty Titles,"Faculty respondents (N = 645) also liked and respected all the targets but predicted that Associate Teaching Professors, compared to Associate Professors, would be paid less and would be less likely to have tenure, hold the PhD, or be respected outside their university. ","We predicted that faculty responses will reflect faculty members’ implicit knowledge that teaching-tagged titles are held in lower status than untagged professorial titles... A teaching tag might lead faculty to estimate that the person is less respected, less satisfied with their job, and less proud of their job title","F(1, 432) = 232.57, p < .001, d = 1.50, 95% CI [1.25, 1.67]","When a fictional faculty target was described as an ‘Associate Teaching Professor’ compared to an ‘Associate Professor,’ faculty assumed that the person taught more but was lower status: They earned less, were younger, were less likely to have a PhD, and were less likely to have tenure.”","F(1, 432) = 232.57, p < .001, d = 1.50, 95% CI [1.25, 1.67]",yes,9,no,,,no,,"Faculty respondents (N = 645) also liked and respected all the targets but predicted that Associate Teaching Professors, compared to Associate Professors, would be paid less and would be less likely to have tenure, hold the PhD, or be respected outside their university. ","F(1, 432) = 232.57, p < .001, d = 1.50, 95% CI [1.25, 1.67]"
30,10.1037/stl0000104,Scholarship of Teaching and Learning in Psychology,USA,"""A Preliminary Study of the Educational Benefits of Conducting Replications in the Classroom","I assessed students’ critical thinking development after completing the course. The results were largely inconclusive, showing no significant change in performance between a pretest and a posttest.","In short, I expected students who completed the course to become more critical consumers of science.","t(36) = -1.21, p = .23 ","The results were largely inconclusive, showing no significant change in performance between a pretest (M = 11.00, SD = 3.44) and a posttest (M = 10.30, SD = 2.62), t(36) = −1.21, p = .23.","t(36) = -1.21, p = .23 ",yes,5,no,,,no,,"The results were largely inconclusive, showing no significant change in performance between a pretest (M 11.00, SD 3.44) and a posttest (M 10.30, SD 2.62), t(36) 1.21, p = .23","t(36) = -1.21, p = .23 "
31,10.1037/stl0000142,Scholarship of Teaching and Learning in Psychology,UK,Time to Overcome the Neglect of Effect Sizes in Teaching Psychological Research Findings,"Overall, 76% (95% CI [69%, 79%]) of portrayals of empirical findings were devoid of useful ES information and merely mentioned the direction of the effect discussed.","(I did not spot an explicit hypothesis that maps directly to the statistical result. I therefore quoted the closest equivalent I found (e.g., aim/RQ) verbatim to map to the results):  To what extent problematic ES neglect occurs in the teaching of psychological research findings remains unknown","76% (95% CI [69%, 79%])","Overall, 76% (95% CI [69%, 79%]) of portrayals of empirical findings were devoid of useful ES information and merely mentioned the direction of the effect discussed.","76% (95% CI [69%, 79%])",yes,6,no,,,no,,"Overall, 76% (95% CI [69%, 79%]) of portrayals of empirical findings were devoid of useful ES information and merely mentioned the direction of the effect discussed. ","76% (95% CI [69%, 79%])"
32,10.1037/stl0000158,Scholarship of Teaching and Learning in Psychology,USA,Critical Thinking Dispositions and Skills in the Undergraduate Research Methods Classroom,"Two cohorts (45 and 19 students, respectively) focusing on research methods training showed consistent increases in skills self-efficacy and enjoyment, and decreases in anxiety across a semester",We predict that dispositions will generally be correlated: Skill self-efficacy and positive attitudes should increase as negative attitudes decrease. ,"Cohort 2: Mdifference 0.90, 95% CI [0.66, 1.15]","Two cohorts (45 and 19 students, respectively) focusing on research methods training showed consistent increases in skills self-efficacy and enjoyment, and decreases in anxiety across a semester","Cohort 2: Mdifference 0.90, 95% CI [0.66, 1.15]",yes,22,no,,,no,,"Two cohorts (45 and 19 students, respectively) focusing on research methods training showed consistent increases in skills self-efficacy and enjoyment, and decreases in anxiety across a semester","Cohort 2: Mdifference 0.90, 95% CI [0.66, 1.15]"
33,10.1037/stl0000227,Scholarship of Teaching and Learning in Psychology,USA,Applying Social Psychology to a Global Crisis: Student Engagement in a Laboratory Class During the COVID-19 Pandemic,Quantitative and qualitative analyses indicated that students learned about the applicability of social psychology to real-world phenomena and felt high levels of engagement in the research process.,"(I did not spot an explicit hypothesis that maps directly to the statistical result. I therefore quoted the closest equivalent I found (e.g., aim/RQ) verbatim to map to the results): Considered collectively, prior research from allied fields indicates that incorporating a current event into the classroom may promote learning by facilitating higher levels of interest and engagement.","t(11) = 4.27, p = .001, d = 1.23, 95% CI [0.58, 1.81]","Overall, the students expressed a moderately high level of engagement when conducting research related to the pandemic.","t(11) = 4.27, p = .001, d = 1.23, 95% CI [0.58, 1.81]",yes,15,no,,,no,,"Quantitative and qualitative analyses indicated that students learned about the applicability of social psychology to real-world phenomena and felt high levels of engagement in the research
process","t(11) = 4.27, p = .001, d = 1.23, 95% CI [0.58, 1.81]"
34,10.1037/stl0000250,Scholarship of Teaching and Learning in Psychology,Canada,SARS-CoV-2 and learning: The impact of a global pandemic on undergraduate learning experiences. ,"Students reported significant increases in school-related anxiety and nonproductive attention-related behaviors (e.g., mindless tech use), while reporting significant decreases in motivation, productive attention-related behaviors (e.g., ability to focus), and their ability to keep track of time. ","(I did not spot an explicit hypothesis that maps directly to the statistical result. I therefore quoted the closest equivalent I found (e.g., aim/RQ) verbatim to map to the results): The purpose of the present study was to examine how the student learning experience changed with the introduction of SARS-CoV-2-related changes. The first two important aspects to consider when examining student learning relate to students’ affective experiences, specifically their levels of motivation and anxiety.","W = 359, p < .001, r = -.78. ","Students perceived significant decreases in the attention-related behaviors that favor productivity (i.e., motivation, ability to focus, and tendency for flow) and significant increases in the attention-related behaviors that hinder productivity (i.e., mind wandering, external distractions, and mindless technology use)."," W = 405, p < .001, r = −.77",no,30,yes,Students reported significant ...  decreases ... their ability to keep track of time.,"Table 3: W = 359, p < .001, r = -.78. ",no,,"Students reported significant increases in school-related anxiety and nonproductive attention-related behaviors (e.g., mindless tech use), while reporting significant decreases in motivation, productive attention-related behaviors (e.g., ability to focus), and their ability to keep track of time. ","W = 359, p < .001, r = -.78"
35,10.1037/stl0000314,Scholarship of Teaching and Learning in Psychology,Brazil,Reducing the Negative Effects of Multitasking on Online or Distance Learning by Using Retrieval Practice,"We found that answering questions about texts (retrieval practice) that were read with and without multitasking, both led to better recall 7 days later than texts read with multitasking followed by rereading..","Hypothesis 2 was our main one of interest, which tested whether retrieval practice could counteract some of the negative long-term effects of multitasking while being exposed to information. It proposed that delayed recall (7 days after exposure and reexpo- sure to information) would be higher in the two conditions that included retrieval practice (mul- titask + retrieval and no multitask + retrieval) compared to the condition with rereading (mul- titask + reread), and also that participants would  perform better in the read-only (no multitask + retrieval) than the read while multitasking con- ditions (multitask + retrieval) when both were followed by retrieval practice.","F(2,116) = 4.22, p < .02, ηp² = .07","Also as predicted, we found a positive retrieval practice effect 1 week later (Hypothesis 2; Figure 2). ","F(2,116) = 4.22, p < .02, ηp² = .07",yes,13,no,,,no,,"We found that answering questions about texts (retrieval practice) that were read with and without multitasking, both led to better recall 7 days later than texts read with multitasking followed by rereading..","F(2,116) = 4.22, p < .02, ηp² = .07"
36,10.1037/stl0000337,Scholarship of Teaching and Learning in Psychology,USA,Practice Assignments Improve Research Comprehension Skills and Reinforce Concept Learning,Our findings suggest improvement in research article comprehension can occur after a relatively small number of practice sessions.,"In the first study we aimed to replicate and extend earlier work by Kershaw et al. (2018;2020) "" suggesting that limited practice with RWs can improve research literacy "" ","F(1, 77) = 13.70, p < .001, ηp²= .15","Our content knowledge results, namely the higher performance by the 9 RWs group on the differentially reinforced content, align with theoretical accounts that having multiple opportunities to encode information leads to richer memory representations and thus easier retrieval.","t(39) = 5.15, p < .001, d = .82",no,22,yes,Absract: students improved across the course of the semester on multiple article comprehension tasks,"F(1, 77) = 13.70, p < .001, ηp²= .15",no,,Students improved across the course of the semester on multiple article comprehension tasks,"F(1, 77) = 13.70, p < .001, ηp²= .15"
37,10.1037/stl0000356,Scholarship of Teaching and Learning in Psychology,USA,Online Course Formats and Student Self-Efficacy in Academic Skills Predict Persistence in Introductory Psychology,"Students in asynchronous sections had a higher risk of withdrawing, as did students with lower self-efficacy and those reporting family obligations.","We hypothesized that the synchronous online format would afford increased opportunities to engage with the instructor and peers, leading to lower rates of course withdrawal as compared to the fully asynchronous format.","Log-odds = 1.23, p < .001","Students in asynchronous sections had a higher risk of withdrawing, as did students with lower self-efficacy and those reporting family obligations.","Log-odds= 1.23, p < .001",yes,17,no,,,no,,"Students in asynchronous sections had a higher risk of withdrawing, as did students with lower self-efficacy and those reporting family obligations.","Log-odds = 1.23, p < .001"
38,10.1037/stl0000365,Scholarship of Teaching and Learning in Psychology,USA,Introductory Psychology Textbooks (Still) More Different Than Alike ,Our results confirmed a lack of commonality in key term usage across these same five introductory psychology textbooks.,"(I did not spot an explicit hypothesis that maps directly to the statistical result. I therefore quoted the closest equivalent I found (e.g., aim/RQ) verbatim to map to the results): We also expanded upon Slade and Gurung’s (2022) analysis of boldfaced and italicized key terms with our graduate reader identifying additional key concepts within the texts which were not boldfaced or italicized but still deemed to be“important enough that any instructor might think it is important”...We expected that adding these additional key concepts to the list of boldfaced and italicized terms would provide a more comprehensive content analysis. ","2,697 terms (68%) were unique to a single textbook",Our results confirmed a lack of commonality in key term usage across these same five introductory psychology textbooks.,"2,697 terms (68%) were unique to a single textbook.",yes,6,no,,,no,,Our results confirmed a lack of commonality in key term usage across these same five introductory psychology textbooks.,"2,697 terms (68%) were unique to a single textbook."
39,10.1037/stl0000385,Scholarship of Teaching and Learning in Psychology,USA,“The Pictures Allowed Me to Connect to the Material More”: Student Perceptions of a Diversity-Focused Open Pedagogy Assignment,"Overall, students rated the project as an engaging and positive experience with high levels of educational value. ","(I did not spot an explicit hypothesis that maps directly to the statistical result. I therefore quoted the closest equivalent I found (e.g., aim/RQ) verbatim to map to the results): One way to do this is to have assignments in which students contribute toward improving the diversity, equity, and inclusion of available materials through a teaching technique known as open pedagogy in which students are content creators. The purpose of this study is to describe one approach to do this in an Introductory Psychology course and examine student experiences with this approach.","M = 4.32, SD = 0.75","Overall, students rated the project as an engaging and positive experience with high levels of educational value... students generally agreed that their contributions added to the diversity of publicly available materials.","ρ = .468, p = .008",no,9,yes,Abstract: Seventy-five percent of students indicated a medium- to high-level understanding of the goal of the project being to increase diversity in the photographs available for OER textbooks.,Table 2: The sum of 'medium' and 'high' comments divided by the total number of comments = 75%,yes,AI,"Overall, students rated the project as an engaging and positive experience with high levels of educational value... students generally agreed that their contributions added to the diversity of publicly available materials.","ρ = .468, p = .008"
40,10.1037/stl0000412,Scholarship of Teaching and Learning in Psychology,USA,Improving Students’ Understanding Through Metacognition About Instructor Feedback: A Causal Modeling Approach ,Exam performance for those students who opted in was improved beyond what was predicted by their baseline trajectory. ,"The overarching hypothesis is that even when controlling for demonstrated learning before the intervention, students who engage in metacognition through exam corrections and cover letter writing will demonstrate a better understanding of research validity, compared to those who did not do exam corrections.","Δχ²(2) = 10.31, p < .01.","Through longitudinal design and causal modeling, we feel justified in reporting that the reflective writing and exam wrapper intervention improved exam performance for the students who opted in.","Δχ²(2) = 10.31, p < .01.",yes,19,no,,,no,,Exam performance for those students who opted in was improved beyond what was predicted by their baseline trajectory. ,"Δχ²(2) = 10.31, p < .01."
41,10.1177/00986283251313760,Teaching of Psychology,USA,Don't Pop It! Modifying the Balloon Analogue Risk Task for a Course-Based Research Experience ,Results from the learning outcomes demonstrated increased research knowledge and skills and a positive overall experience with the project.,We predicted an increase in self-reported research knowledge and skills for the pre–post measure.,"t(36) = 8.53, p < .001, d = 1.56",The results from a pre- and post-test measure of self-reported research knowledge and skills suggested that this project may have aided in students' understanding of the material,"t(36) = 8.53, p < .001, d = 1.56",yes,10,no,,,no,,Results from the learning outcomes demonstrated increased research knowledge and skills and a positive overall experience with the project.,"t(36) = 8.53, p < .001, d = 1.56"
42,10.1177/00986283251335299,Teaching of Psychology,USA,“Not Just a Number”: Promoting Belonging Through an In-Class Activity in a Large Course.,The activity significantly increased students’ sense of belonging.,This research sought to assess the utility of creative in-class activity to promote a stronger sense of belonging in a large classroom. It was hypothesized that students’ self-reported belonging scores would increase after participating.,"t(25) = −3.07, p = 0.005, d = 0.60, 95% CI [0.20, 1.03]","""The results indicated a significant increase in students’ belonging after engaging in this activity.""","t(25) = −3.07, p = 0.005, d = 0.60, 95% CI [0.20, 1.03]",yes,8,no,,,no,,The activity significantly increased students’ sense of belonging.,"t(25) = −3.07, p = 0.005, d = 0.60, 95% CI [0.20, 1.03]"
43,10.1177/00986283231218943,Teaching of Psychology,Germany,The Testing Effect in the Lecture Hall: Does it Transfer to Content Studied but Not Practiced?,"We found a testing effect for practiced content, whereas no transfer effect occurred for untested content from the same lecture sessions. ","However, this testing effect should be stronger for questions that are directly tested in the practice tests compared to questions that refer to content from the same lecture sessions, but which are not also part of the practice tests or the restudy material (Hypothesis 2).","F(1, 64) = 5.33, p = .024, ηp² = .08","More specifically, a testing effect occurred only for content explicitly tested and no transfer effect to untested content from the same lecture occurred.","F(1, 64) = 5.33, p = .024, ηp² = .08.",yes,12,no,,,no,,"We found a testing effect for practiced content, whereas no transfer effect occurred for untested content from the same lecture sessions.","F(1, 64) = 5.33, p = .024, ηp² = .08"
44,10.1177/00986283231199454,Teaching of Psychology,USA,How do Students and Faculty Consider Numerical Ratings and Comments About Daily Quizzing when Interpreting Student Evaluations of Teaching? ,"In Experiment 1, more positive evaluations were provided for SETs with higher ratings","We predicted that all participants would use the heuristic that “higher is better” when evaluating quantitative SET ratings, with more favorable evaluations for the fictional professor with high ratings."," F(7, 199) = 12.75, p < .001, ηp²  = .31","Key Claim (Experiment 1): “The MANOVA revealed a significant main effect of rating magnitude.”— “Participants were heavily influenced by quantitative information within SETs – that is, the magnitude of numerical ratings – when evaluating teaching effectiveness.”","F(7, 199) = 12.75, p < .001, ηp² = .31",yes,14,no,,,no,,"In Experiment 1, more positive evaluations were provided for SETs with higher ratings.","F(7, 199) = 12.75, p < .001, ηp² = .31"
45,10.1177/00986283241247181,Teaching of Psychology,Singapore,Understanding of Psychological Literacy: Comparative Insights From Undergraduates in China and the United Kingdom ,"Students gave the highest ratings to the importance of psychological core attributes in their future careers and understanding the application of theory, but the lowest to the development of attributes and understanding the role of theory in research.","(I did not spot an explicit hypothesis that maps directly to the statistical result. I therefore quoted the closest equivalent I found (e.g., aim/RQ) verbatim to map to the results): While graduation requirements for programs in China are comparable to those in other countries, whether experience in these programs impacts similarly on perceptions of psychological literacy is an open question.","χ²(3) = 1,321.10, p < .001, W = 0.81.","This study provides the first descriptive and cross-cultural investigation of perceptions of psychological literacy among Chinese undergraduate psychology majors, revealing that while students rate the importance of psychological literacy highly, they report significantly lower development of these attributes compared to their UK counterparts.","χ²(3) = 1,321.10, p < .001, W = 0.81.",yes,12,no,,,no,,"Students gave the highest ratings to the importance of psychological core attributes in their future careers and understanding the application of theory, but the lowest to the development of attributes and understanding the role of theory in research.","χ²(3) = 1,321.10, p < .001, W = 0.81"
46,10.1177/00986283231211535,Teaching of Psychology,USA,Using Debriefing as a Tool to Enhance the Educational Value of Undergraduate Research Participation,"Extended video debriefings, especially when combined with instructions that incentivize attending to debriefing content, may be an effective tool to increase the educational value of undergraduate research participation.","(I did not spot an explicit hypothesis that maps directly to the statistical result. I therefore quoted the closest equivalent I found (e.g., aim/RQ) verbatim to map to the results): Lastly, the aim of Study 2 was to examine the impact of offering an incentive (i.e., an additional research credit) to more closely attend to an extended debriefing.","F(2, 376) = 71.21, p < .001; η² = .28 ","More notably, participants in the EVDI condition scored markedly higher on the debriefing quiz than those in both the EVD (d = 0.88) and control condition (d = 1.59). This suggests that the addition of a brief instruction regarding performance expectations leads to a large and statistically significant increase in actual knowledge gained.","F(2, 251) = 8.53, p < .001; η² = .06",no,29,yes,"Abstract: extended video debriefings, especially when combined with instructions that incentivize attending to debriefing content, may be an effective tool to increase the educational value of undergraduate research participation","F(2,373) = 9.36, p < .001; η² = .05",yes,Author 1,"Extended video debriefings, especially when combined with instructions that incentivize attending to debriefing content, may be an effective tool to increase the educational value of undergraduate research participation.","F(2, 376) = 71.21, p < .001; η² = .28 "
47,10.1177/00986283231226187,Teaching of Psychology,USA,"""Test Format, Learning Confidence, and Perceptions of Teaching Effectiveness",Taking a multiple-choice test led to predictions about future performance that were 10% higher than those taking a short-answer test.,"As such, multiple-choice tests could lead students to over-estimate their knowledge relative to short-answer tests.","F(1, 119) = 4.98, p = .027, ηp² = .040",“Taking a multiple-choice test led to predictions about future performance that were 10% higher than those taking a short-answer test.”,"F(1, 119) = 4.98, p = .027, ηp² = .040",yes,5,no,,,no,,Taking a multiple-choice test led to predictions about future performance that were 10% higher than those taking a short-answer test. ,"F(1, 119) = 4.98, p = .027, ηp² = .040"
48,10.1177/00986283241292358,Teaching of Psychology,USA,Writing Workshops in a Research Methods Course ,Students under the Writing Workshop Model had higher scores on the research report than those under the Standard Model.,I hypothesized that providing students with the Writing Workshop Model would be associated with better APA Style research reports than reports under the Standard Model.,"t(64) = 2.42, p = .018, d = 0.60.","Scores were significantly higher for students under the Writing Workshop Model (M = 85.7%, SD = 8.06) than those under the Standard Model"," t(64) = 2.42, p = .018, d = 0.60.",yes,11,no,,,no,,Students under the Writing Workshop Model had higher scores on the research report than those under the Standard Model.,"t(64) = 2.42, p = .018, d = 0.60"
49,10.1177/00986283251325842,Teaching of Psychology,USA,Modernizing the Flipped Classroom: Replacing Lecture Time With Asynchronous Spaced Retrieval,"On the final test of knowledge transfer, participants performed equally well on lectured and nonlectured questions.","Further, we explored whether participants, after learning via retrieval practice, would demonstrate knowledge transfer on a final memory test. If successful, course content could be delivered to students via retrieval practice asynchronously and without an accompanying lecture, simultaneously reducing time burdens on both the student and instructor.","t(27) = 1.20, p = .119, d = 0.23","“Importantly, spaced retrieval alone appeared to successfully convey course content without a preceding lecture. Participants performed equally well on app questions associated with lectured versus nonlectured content and successfully applied their knowledge of both content areas on the final memory test...”","t(27) = 1.20, p = .119, d = 0.23",yes,14,no,,,no,,"On the final test of knowledge transfer, participants performed equally well on lectured and nonlectured questions.","t(27) = 1.20, p = .119, d = 0.23"
50,10.1037/stl0000444,Scholarship of Teaching and Learning in Psychology,USA,Who Gets Remembered? Disparities in Recognition of Early Eminent Psychologists and Implications for Belonging in Psychology,"Replicating previous research, recognition significantly benefited early eminent White male psychologists compared to women and psychologists of color.","Consistent with prior research (Cramblet Alvarez et al., 2019; Kelly et al., 2024), psychology majors will show lower recognition for early eminent psychologists of color than for early eminent White psychologists. Further, recognition rates are expected to be highest for early eminent White men compared to other groups (i.e., White women, women of color, and men of color).","z = 12.35, p <.001, r = .71","Additional Wilcoxon signed-rank tests using the random matched sample showed recognition of White psychologists was signicantly higher than psychologists of color. z = 12.36, p < .001, r = .47","z = 12.36, p < .001, r = .47.",no,22,yes,"Replicating previous research, recognition significantly benefited early eminent White male psychologists compared to women and psychologists of color","z = 12.36, p < .001, r = .47.",no,,"Replicating previous research, recognition significantly benefited early eminent White male psychologists compared to women and psychologists of color.","z = 12.36, p < .001, r = .47"
51,10.1177/14757257231197359,Psychology Learning and Teaching,USA,Are Scientific Memes Motivating and Does Public Sharing Affect Motivation?,Students whose scientific memes were publicly shared reported higher levels of perceived learning.,"(I did not spot an explicit hypothesis that maps directly to the statistical result. I therefore quoted the closest equivalent I found (e.g., aim/RQ) verbatim to map to the results): What were the overall student experiences in terms of motivation, pride, anxiety, and perceived learning for the renewable assignment?","t(100) = 2.79, p < .01, d = 0.55","“However, students whose renewable assignment was publicly shared by the instructor reported greater perceived learning than students whose assignment was not shared outside of class.” (p. 35)","Perceived learning: t(100) = 2.79, p < .01, Cohen’s d = 0.55 (Table 2, p. 32)",yes,19,no,,,no,,Students whose scientific memes were publicly shared reported higher levels of perceived learning.,"t(100) = 2.79, p < .01, d = 0.55"
52,10.1177/14757257251340796,Psychology Learning and Teaching,Germany,Students Are Open to Dealing With a Changing Discipline,"The experimental groups working on material covering phases of Kuhn's model or the replication crisis showed no decline in expectancy, value, interest, or intention.","When experimental material suggests that a relevant part to learn about psychology is learning about how psychology is changing, students might adopt to this and show higher levels of value, expectancy, interest and intention to deal with change of the discipline.","F(5, 334) = 1.72, p = .13, ηp² = .03","“We experimentally varied the perspectives on the (need for) change that students were confronted with. The experimental groups working on phases of the Kuhn model or the replication crisis did not show any decrease in expectancy, value, interest, or intention to engage with and learn about the changes of the discipline.”","F(5, 334) = 1.72, p = .13, ηp² = .03",yes,24,no,,,no,,"The experimental groups working on material covering phases of Kuhn's model or the replication crisis showed no decline in expectancy, value, interest, or intention.","F(5, 334) = 1.72, p = .13, ηp² = .03"
53,10.1037/stl0000306,Scholarship of Teaching and Learning in Psychology,USA,Up Close and Personal: Examining Effects of Instructor Video Presence on Student’s Sense of Connection,"We found a consistent eye-level advantage; the video of the instructor at eye level, speaking directly to the camera, elicited higher ratings of instructor likeability, immediacy, and trust, and higher expectations of participating in class than did other videos","We predicted an eye-level advantage: that the eye-level presence format would lead to the greatest sense of connection with the instructor by providing greater access to visual information (e.g., eye contact, facial expressions) that is important in communicating immediacy.","Verbal immediacy: t(246) = 3.29, p = .001, d = 0.42",“We found clear support for an eye-level advantage; participants who viewed the eye-level video found the instructor to be more likeable than participants who watched the lecture-hall video and more likely to engage in immediacy behaviors.”,"likeability: t(246) = 2.79, p = .01, d=0.35",no,14,yes,"We found a consistent eye-level advantage; the video of the instructor at eye level, speaking directly to the camera, elicited higher ratings of instructor likeability, immediacy, and trust, and higher expectations of participating in class than did other videos","Verbal immediacy: t(246) = 3.29, p = .001, d = 0.42",no,,"We found a consistent eye-level advantage; the video of the instructor at eye level, speaking directly to the camera, elicited higher ratings of instructor likeability, immediacy, and trust, and higher expectations of participating in class than did other videos","Verbal immediacy: t(246) = 3.29, p = .00, d = 0.42"
54,10.1177/00986283221100276,Teaching of Psychology,Australia,What do Incoming University Students Believe About Open Science Practices in Psychology?,"When asked to indicate how a researcher should conduct her study, most students endorsed several open science practices.","(I did not spot an explicit hypothesis that maps directly to the statistical result. I therefore quoted the closest equivalent I found (e.g., aim/RQ) verbatim to map to the results): Our study was exploratory (see Wagenmakers et al., 2012) and descriptive; as such, we did not specify or test hypotheses.","Information for replicability Mdiff = 2.91 (SD = 1.50), 95% CI [2.72, 3.10]","""In general, the students seemed to endorse open science practices: For seven of the 10 open science practices, agreement with the norm item was stronger than for the corresponding counternorm item.""","Information for replicability Mdiff = 2.91 (SD = 1.50), 95% CI [2.72, 3.10]",yes,17,no,,,no,,"When asked to indicate how a researcher should conduct her study, most students endorsed several open science practices.","Information for replicability Mdiff = 2.91 (SD = 1.50), 95% CI [2.72, 3.10]"
55,10.1177/14757257241301733,Psychology Learning and Teaching,USA,The Learning Benefits of Mastery Quizzing Versus Other Quizzing Methods,Performance on a final test was better in the mastery quiz condition relative to the comparison quiz conditions.,"Mastery quizzing, in which participants continue taking quizzes with immediate feedback until they answer all questions correctly within one attempt, will lead to better performance on a final test than one, two, or three quizzes without feedback (Experiment 1)","F(3, 79.57) = 35.64, p < .001, ω² = .273, BF₁₀ = 2.06 × 10⁸","""Mastery quizzing consistently leads to improved performance on a final test compared to other quizzing practices.""","F(3, 79.57) = 35.64, p < .001, ω² = .273, BF₁₀ = 2.06 × 10⁸",yes,10,no,,,no,,Performance on a final test was better in the mastery quiz condition relative to the comparison quiz conditions.,"F(3, 79.57) = 35.64, p < .001, ω² = .273, BF₁₀ = 2.06 × 10⁸"
56,10.1177/00986283211008857,Teaching of Psychology,USA,“Jumping the Shark”: An Interdisciplinary Activity for Engaging Students With the Principles of Bivariate Regression,Feedback data suggest that the exercise was successful in achieving its content and process learning goals.,"(I did not spot an explicit hypothesis that maps directly to the statistical result. I therefore quoted the closest equivalent I found (e.g., aim/RQ) verbatim to map to the results): More broadly, my goal for the activity was to improve students’ abilities to: A) work collaboratively to evaluate research and statistical design, and B) understand how research tools often used by psychologists are implemented in other scientific disciplines. ",More than 95% of respondents agreed or strongly agreed that the activity was engaging,"“More than 95% of respondents agreed or strongly agreed that the activity was engaging, approximately 95% of students agreed or strongly agreed that the activity helped them learn about factors that can lead to problems with bivariate correlation/regression, and approximately 91% of respondents correctly answered a question designed to assess basic content acquisition.”",“Twenty out of 22 respondents (90.91%) correctly answered the multiple-choice question designed to assess basic content acquisition.,no,7,yes,More than 95% of respondents agreed or strongly agreed that the activity was engaging…,> 95% of 23 respondents to ‘the fossil shark regression activity was engaging ...selecting ‘agreed’ or ‘strongly agreed’.,no,,More than 95% of respondents agreed or strongly agreed that the activity was engaging…,> 95% of 23 respondents to ‘the fossil shark regression activity was engaging ...selecting ‘agreed’ or ‘strongly agreed’.
57,10.1177/1475725719877590,Psychology Learning and Teaching,USA,"Is One Study as Good as Three? College Graduates Seem to Think So, Even if They Took Statistics Classes","Overall, just 4% of participants appeared to use prior research to make probability estimates—most seemed to focus on the latest study, while ignoring or discounting prior studies.","(I did not spot an explicit hypothesis that maps directly to the statistical result. I therefore quoted the closest equivalent I found (e.g., aim/RQ) verbatim to map to the results): The present study focuses on a related idea, that many people, including students, may not appreciate the importance of considering the context provided by the results of previous research.","Bayes factor of BF10 = 0.96, ","Many people, including students, may not appreciate the importance of considering the context provided by the results of previous research, and instead tend to interpret a study’s results in isolation.",The Bayes factor of BF₁₀ = 0.96 statistically confirms that participants did not meaningfully differentiate between articles,yes,15,no,,,no,,"Overall, just 4% of participants appeared to use prior research to make probability estimates—most seemed to focus on the latest study, while ignoring or discounting prior studies.",BF₁₀ = 0.96
58,10.1177/00986283221095045,Teaching of Psychology,USA,The Ethics of Psychology Professors’ Behaviors: Perceptions From Both Sides of the Podium,"G-test of independence analyses yielded differences across academic role (student, professor) for 57% of teaching behaviors, 50% of grading behaviors, 63% of relationship behaviors, and 52% of professional procedure behaviors, although the difference was often a matter of degree rather than kind (ethical or unethical).","(I did not spot an explicit hypothesis that maps directly to the statistical result. I therefore quoted the closest equivalent I found (e.g., aim/RQ) verbatim to map to the results): The primary aim of the present study is to assess undergraduates’ and professors’ attitudes toward behaviors committed by academic psychologists.","G(5) = 118.29, V = .44","“The amount of disagreement varied across teaching, grading, relationship, and professional procedure behaviors. For all domains, more behaviors yielded a significant difference across academic role (57%, 50%, 63%, 52%, respectively) than across institution type (5%, 0%, 25%, 4%, respectively).”","Giving only one or two As in each class” G(5) = 118.29, V = .44 (a large effect size)",yes,19,no,,,no,,"G-test of independence analyses yielded differences across academic role (student, professor) for 57% of teaching behaviors, 50% of grading behaviors, 63% of relationship behaviors, and 52% of professional procedure behaviors, although the difference was often a matter of degree rather than kind (ethical or unethical).","G(5) = 118.29, V = .44"
59,10.1177/00986283221114196,Teaching of Psychology,USA,Prompted Self-Explanations Improve Learning in Statistics but Not Retention,"The self-explanations that we elicited improved initial learning and were superior to students’ usual study methods, but did not benefit retention.","Our primary confirmatory research question was whether prompted self-explanation would result in better semester to semester retention of statistics concepts than a restating control condition, given that both conditions result in initial learning.","t(591) = 0.50, p = .619, d = –0.07","The self-explanations that we elicited improved initial learning and were superior to students’ usual study methods, but did not benefit retention.","t(591) = 5.37, p < .001, d = 0.76, 95% CI [10.27, 22.07].",no,22,yes,The self-explanations that we elicited improved initial learning...,"t(591) = 5.37, p < .001, d = 0.76, 95% CI [10.27, 22.07]",no,,"The self-explanations that we elicited improved initial learning and were superior to students’ usual study methods, but did not benefit retention.","t(591) = 5.37, p < .001, d = 0.76, 95% CI [10.27, 22.07]"
60,10.1177/00986283211043779,Teaching of Psychology,USA,Fostering Inclusivity: Exploring the Impact of Identity Safety Cues and Instructor Gender on Students’ Impressions and Belonging,Participants reported greater expected engagement and field belonging and had more positive impressions of the instructor when the syllabus included ISCs compared to the control syllabus.,"We hypothesized participants who read an ISC syllabus would report higher expected social psychology field belonging, classroom belonging, engagement, and course interest than participants who read a control syllabus.","...higher expected field belonging ..F(1, 322) = 5.17, p = .02, ηp² = .02","“As hypothesized, participants who read the ISC syllabus reported greater expected course engagement and field belonging than participants who read the control syllabus.”","If I had to pick only one result as the most important, it would be: F(1, 322) = 5.17, p = .02,  ηp²  = .02",yes,9,no,,,no,,Participants reported greater expected engagement and field belonging and had more positive impressions of the instructor when the syllabus included ISCs compared to the control syllabus.,"F(1, 322) = 5.17, p = .02, ηp² = .02"
